d,greek,index,exact,mc,se,z
2,price,0,7.280608494011545,7.267427208852251,0.025180262210007465,-0.5234768823835383
2,delta,0,0.33729964446978206,0.3368861818139797,0.0007900498220222499,-0.5233374456613551
2,delta,1,0.21149829549041596,0.21123904040851804,0.0004953879835031432,-0.523337445661465
2,vega,0,5.8047718767279,5.844699717565668,0.08638065203905444,0.46223129711634636
2,vega,1,12.069466464853376,12.020550231269851,0.07222562834180347,-0.6772697546088641
2,corr,0,3.3672358127987656,3.37839863033706,0.028964653664453877,0.38539447657866494
10,price,0,2.0944653861688733,2.0903208620214415,0.007089375553428509,-0.5846106072667409
10,delta,0,0.0735973815581366,0.0734916373818427,0.00017638908329131581,-0.5994938820519802
10,delta,1,0.07061892281142844,0.07051745806274635,0.00016925068248370222,-0.599493882051876
10,delta,2,0.04597099821185684,0.045904947419880236,0.0001101775913885034,-0.5994938820517051
10,delta,3,0.0607627091176876,0.06067540570431876,0.00014562853097021457,-0.5994938820518569
10,delta,4,0.02208150850074849,0.022049781951810166,5.292222304212965e-05,-0.5994938820515564
10,delta,5,0.04659795136761554,0.0465309997739579,0.00011168019501474138,-0.5994938820513536
10,delta,6,0.05528824717376773,0.05520880942703887,0.00013250801902593516,-0.5994938820518702
10,delta,7,0.0478934127851632,0.04782459988207278,0.00011478499639548065,-0.5994938820517542
10,delta,8,0.025500521692057885,0.02546388273012336,6.111649014522751e-05,-0.5994938820514831
10,delta,9,0.030734444643281823,0.030690285619362136,7.366050804149603e-05,-0.5994938820515737
10,vega,0,-1.9215586969663598,-1.9244888400870621,0.019647887001586803,-0.14913273475491962
10,vega,1,0.8985813130379715,0.8819802780407449,0.01900265317460021,-0.8736166915584361
10,vega,2,-1.0130661174137168,-1.0097941647129047,0.013999524633074812,0.23371884307284513
10,vega,3,0.6943039145708715,0.7078338412929724,0.01955687576062624,0.6918245474228912
10,vega,4,0.36435295787373545,0.35207879288974736,0.0069322436483303185,-1.7705905341259047
10,vega,5,-2.47654784632476,-2.455946263963194,0.017629165258926674,1.1686079323088987
10,vega,6,-0.4310255167987717,-0.4494485969418385,0.019050003582912423,-0.9670906392685404
10,vega,7,1.157637087719701,1.1556644386854504,0.01620262479654691,-0.12174873262948482
10,vega,8,-0.5996288019396803,-0.5823730072986257,0.010170170374557627,1.6967065452731032
10,vega,9,0.5653666487029763,0.5566077047086536,0.010833583066904554,-0.8084992693765636
10,corr,0,0.2878220096879467,0.2838975856463455,0.006502387528848092,-0.6035358588196023
10,corr,1,0.2226740416453731,0.22204648624805315,0.004289124770606207,-0.14631315964987898
10,corr,2,0.3443567879709317,0.34429208063667316,0.0063446912987988584,-0.010198657619609088
10,corr,3,0.14454647098229034,0.13860898820688106,0.0032670624511513965,-1.8173765773337958
10,corr,4,0.34856207755056323,0.3400637135779426,0.005317743245885114,-1.5981147602785672
10,corr,5,0.46827595376696196,0.45408522725043554,0.007567961490898922,-1.8751055397932326
10,corr,6,0.45568643541871773,0.4444196459167702,0.007160236008976168,-1.5735220861188568
10,corr,7,0.27068366163957025,0.26435176437477553,0.004251858175423542,-1.4892070721912016
10,corr,8,0.36175729813440055,0.35170971054933853,0.005621559660122574,-1.7873309530691601
10,corr,9,0.25894488863467274,0.2567154287276799,0.0030753669017487707,-0.724941113766004
10,corr,10,0.4004482491665384,0.39134003703298637,0.005051190235644923,-1.803181370853496
10,corr,11,0.1680913031194441,0.16804553191693145,0.0028277687656238413,-0.01618633145293542
10,corr,12,0.4053385284008304,0.4057904344787237,0.005198733805974533,0.08692618140478003
10,corr,13,0.544552314236942,0.5463473516934338,0.007015940251244214,0.25585130320537797
10,corr,14,0.5299121190774089,0.5306833035123346,0.006803457890080225,0.11335183481478839
10,corr,15,0.3147746818648557,0.31632149775926616,0.004177284306249236,0.3702922236095891
10,corr,16,0.42068308719782427,0.4241775715262513,0.005862690249036226,0.5960547427866396
10,corr,17,0.30980754462941523,0.31331712341016016,0.005798959497408069,0.6052083623473461
10,corr,18,0.1300441542730691,0.12810328814605434,0.0024122984591631274,-0.8045713081821845
10,corr,19,0.313590918399388,0.31681033019115484,0.005059455598310918,0.6363158504329228
10,corr,20,0.4212939268610739,0.42339710957511295,0.006729940368815793,0.31251134464496144
10,corr,21,0.4099675122127129,0.4141710048395493,0.006760425287751082,0.6217793183000654
10,corr,22,0.243526027403106,0.2476296287789021,0.004225415278381873,0.9711711406902422
10,corr,23,0.3254622653067916,0.3304696724594603,0.0055698495695083216,0.8990201782255142
10,corr,24,0.20110825190476753,0.20961114700670355,0.00383294538569224,2.21837105576196
10,corr,25,0.4849562194090245,0.4888763735237972,0.006408989178749888,0.6116649607976636
10,corr,26,0.6515147539136362,0.6613947888037408,0.00829288812349568,1.1913864920126134
10,corr,27,0.6339988919895593,0.639128206774201,0.00940865218362397,0.5451699865757028
10,corr,28,0.3766035769782651,0.37624058402159954,0.00562849499082275,-0.06449201025449793
10,corr,29,0.503314797982959,0.5037753825011915,0.007284715297352607,0.06322615221488245
10,corr,30,0.2035641884962786,0.1874884484462895,0.006161453712483456,-2.609082336757434
10,corr,31,0.273478443756018,0.25722431899767106,0.008947051912432571,-1.8167017378943167
10,corr,32,0.266126022907116,0.2453511311747474,0.009658974239950793,-2.1508382998311464
10,corr,33,0.15808231437014894,0.1443861190787666,0.005759100954537581,-2.3781828794980804
10,corr,34,0.21127034628904248,0.19562200761392032,0.007483100524007776,-2.0911570845424476
10,corr,35,0.6594710605738102,0.6614094837479887,0.009612806886836299,0.20165006922514309
10,corr,36,0.6417412947157884,0.6491133508612225,0.009514785610908032,0.7748000267060637
10,corr,37,0.381202664765239,0.38638617637084754,0.005529825434886155,0.9373734608161736
10,corr,38,0.5094612848511394,0.5129857172719621,0.007504276638928202,0.4696565159311682
10,corr,39,0.8621477670963441,0.8559001918239625,0.006003473104637713,-1.040660158459832
10,corr,40,0.5121269722623654,0.5095658830985732,0.003519906615376152,-0.7276014518693343
10,corr,41,0.6844361002995281,0.6807873927580141,0.0046754837242209074,-0.7803914539606093
10,corr,42,0.4983585268359825,0.5004859526754507,0.005102903083134099,0.41690500579948536
10,corr,43,0.6660351536491481,0.6711732299518886,0.006733491089058176,0.763062761171502
10,corr,44,0.3956335325293727,0.40591219173158605,0.007115709687907104,1.4445023269683896
50,price,0,2.400726615386253,2.405846898979678,0.007404990414789101,0.6914639056383989
50,delta,0,0.01152905550401994,0.011541468594533123,2.3481838138111138e-05,0.5286251629950792
50,delta,1,0.01797659338404693,0.017995948402393144,3.661388011981067e-05,0.5286251629950349
50,delta,2,0.01413383143167731,0.014149049029406661,2.878712326731984e-05,0.5286251629952667
50,delta,3,0.009516263481207035,0.00952650944106891,1.9382277990370156e-05,0.5286251629950478
50,delta,4,0.015019525022773064,0.015035696228081919,3.05910623270998e-05,0.5286251629950732
50,delta,5,0.01521983040327056,0.015236217273151218,3.099903490745514e-05,0.5286251629955753
50,delta,6,0.016818972291076834,0.01683708092324667,3.425609191062831e-05,0.5286251629952639
50,delta,7,0.01836268896722799,0.01838245968653246,3.740026144887411e-05,0.528625162995061
50,delta,8,0.01569437913159936,0.015711276938071096,3.196557344336365e-05,0.5286251629952571
50,delta,9,0.015904726188076392,0.015921850470780315,3.239399843718033e-05,0.5286251629952732
50,delta,10,0.015908730275753433,0.01592585886957397,3.2402153774683056e-05,0.5286251629951604
50,delta,11,0.007851991708614723,0.007860445782216311,1.5992567500363968e-05,0.5286251629949797
50,delta,12,0.008587497385486965,0.008596743362513494,1.7490610878501396e-05,0.5286251629949397
50,delta,13,0.007907282154291997,0.007915795757948456,1.610518048028458e-05,0.5286251629952328
50,delta,14,0.009566789066466451,0.009577089426158642,1.948518612664214e-05,0.5286251629953282
50,delta,15,0.013603806317110483,0.013618453247995613,2.7707593036499767e-05,0.5286251629953855
50,delta,16,0.007195980943380424,0.007203728704049133,1.4656435620287662e-05,0.5286251629955511
50,delta,17,0.011785893526928149,0.011798583149514978,2.4004953746283897e-05,0.5286251629955128
50,delta,18,0.013978891944892498,0.013993942722549479,2.847154980611005e-05,0.5286251629952149
50,delta,19,0.016314277811815377,0.016331843050100915,3.3228153926715965e-05,0.5286251629951383
50,delta,20,0.01026691339687704,0.010277967565645854,2.0911166441987366e-05,0.5286251629950928
50,delta,21,0.00898832728156452,0.008998004823672743,1.8307002363244196e-05,0.5286251629951466
50,delta,22,0.011683896600655115,0.011696476405306064,2.3797211202890554e-05,0.5286251629947585
50,delta,23,0.012992043443838903,0.01300603170256168,2.6461583182174735e-05,0.5286251629947811
50,delta,24,0.0084059010581981,0.008414951514295213,1.7120744017995266e-05,0.5286251629952812
50,delta,25,0.01354255709583243,0.01355713808097487,2.7582843502625516e-05,0.5286251629949639
50,delta,26,0.014590886588427087,0.014606596287788553,2.9718031719208632e-05,0.5286251629952771
50,delta,27,0.01175412865607139,0.01176678407809278,2.3940256550951972e-05,0.5286251629949801
50,delta,28,0.013423503366444116,0.013437956168951095,2.7340360464681943e-05,0.5286251629948022
50,delta,29,0.012014534589167559,0.012027470384756118,2.4470639110827396e-05,0.5286251629952451
50,delta,30,0.016173663863972385,0.016191077706190705,3.2941758049615845e-05,0.5286251629950063
50,delta,31,0.012924250202528811,0.012938165469700794,2.632350509600834e-05,0.5286251629951935
50,delta,32,0.006103198511740438,0.0061097696966497085,1.2430707747697023e-05,0.5286251629950799
50,delta,33,0.012455999137109302,0.012469410248250816,2.536979334378844e-05,0.5286251629951733
50,delta,34,0.006649028166255256,0.006656187034423047,1.3542427922331377e-05,0.5286251629950612
50,delta,35,0.007240696597050893,0.007248492502119299,1.474751036109047e-05,0.5286251629952903
50,delta,36,0.010025124785241661,0.01003591862532004,2.041870276705051e-05,0.5286251629950057
50,delta,37,0.011184607356941118,0.011196649587410712,2.2780282348579472e-05,0.5286251629951502
50,delta,38,0.015632378057164466,0.01564920910838911,3.183929257033276e-05,0.5286251629952138
50,delta,39,0.01274440370870786,0.01275812533895915,2.5957202214030004e-05,0.5286251629951592
50,delta,40,0.013562783321442897,0.013577386083735188,2.7624039327883257e-05,0.5286251629952965
50,delta,41,0.009723373138633638,0.00973384208908854,1.980410920202799e-05,0.5286251629954567
50,delta,42,0.010078329227279704,0.01008918035145691,2.0527067072845567e-05,0.5286251629956649
50,delta,43,0.00920025297771657,0.009210158695744965,1.8738642656121078e-05,0.5286251629948744
50,delta,44,0.009083514329633783,0.009093294357625865,1.8500874866922206e-05,0.5286251629952662
50,delta,45,0.01180852095820202,0.011821234943266099,2.4051040234328748e-05,0.5286251629952847
50,delta,46,0.007172779632521313,0.007180502412828732,1.4609180281288243e-05,0.5286251629949982
50,delta,47,0.005845935378262743,0.005852229573390809,1.1906726294305635e-05,0.5286251629951583
50,delta,48,0.012992452938288802,0.01300644163790562,2.6462417221215267e-05,0.5286251629953964
50,delta,49,0.008260451739201693,0.008269345593089616,1.682449968429585e-05,0.5286251629951838
50,vega,0,0.3186199533426299,0.3204010436062324,0.00244822599658763,0.727502389928471
50,vega,1,-0.2767125830614134,-0.27776807739164067,0.0043825229227464286,-0.24084171351369124
50,vega,2,0.3419105003829537,0.34011461172684926,0.003271534916086664,-0.5489437533659637
50,vega,3,0.07666885897535866,0.08015429604677517,0.0021681553499393615,1.6075587349006082
50,vega,4,0.44536184804639606,0.4490068420258602,0.003092830197334626,1.1785302609258619
50,vega,5,0.15626486960026503,0.1581363375414539,0.003567512459307982,0.5245862383202126
50,vega,6,0.006496162426007706,0.003550249763136033,0.0040500558890482615,-0.727375805069185
50,vega,7,0.46910086340967916,0.4754879003847894,0.0040784994997698195,1.5660261759185445
50,vega,8,-0.6708449876428915,-0.671407359250658,0.004338554551972728,-0.12962188236420838
50,vega,9,0.47750469173388027,0.4815228241799388,0.0036147150486226837,1.1116042044834382
50,vega,10,-0.25944600022784126,-0.25406870227238854,0.004093534440971032,1.3136076007161102
50,vega,11,-0.09416326707438312,-0.09708961242775231,0.0020401119999785386,-1.4344042647658444
50,vega,12,-0.2653765176853033,-0.2678673729105795,0.0023951753124268837,-1.0399469351378585
50,vega,13,-0.461145369839486,-0.4607834099932175,0.002194703818593537,0.16492423405928294
50,vega,14,0.18474107499501974,0.18467698338979852,0.0022378434671300666,-0.028639896472927657
50,vega,15,-0.33333861118340014,-0.3320418785643413,0.0032520562719020657,0.39874236810188796
50,vega,16,-0.10507957353242789,-0.10828058121449438,0.0019615247101057815,-1.6318977097636806
50,vega,17,-0.3041749880696535,-0.3077823034230917,0.003420459517755158,-1.0546288692244772
50,vega,18,0.3519607151647206,0.3530022993276084,0.0036010595030712004,0.2892438078291883
50,vega,19,0.14778593293950035,0.15269455661981446,0.004248578656963779,1.1553566678749052
50,vega,20,-0.08545624443796473,-0.0804302496805893,0.0027965707116615604,1.79719923991812
50,vega,21,-0.3164809684863884,-0.3185069680130371,0.0027282661825007836,-0.7425959899527097
50,vega,22,0.20613345275142245,0.2078991422402898,0.003078045407504848,0.573639844481264
50,vega,23,-0.982768332862123,-0.9854421415201514,0.003887601782677287,-0.687778431922388
50,vega,24,0.0601747628365712,0.06145406624703554,0.0022075786691339925,0.5795052418069406
50,vega,25,-0.3120551384199096,-0.31036079937292665,0.0039502578198422145,0.4289185982930702
50,vega,26,0.39035055662063284,0.39301483712146956,0.0038016117856682764,0.7008291879988415
50,vega,27,-0.051423717307634814,-0.05546435281784071,0.0033371777031394865,-1.210794230827033
50,vega,28,-0.2679670536511901,-0.27370813928582777,0.004457968725680954,-1.2878254622032381
50,vega,29,-0.42713458170686924,-0.4313042667740962,0.003766339407864815,-1.1070922228941729
50,vega,30,-0.3366368777116364,-0.33929800454105147,0.00538415766194522,-0.49425128246590444
50,vega,31,-0.6920451520723724,-0.6946255557458043,0.004058951097227772,-0.6357316487982138
50,vega,32,-0.04660284525546068,-0.049020315863533705,0.0019039091069254365,-1.2697405560378485
50,vega,33,-1.0092840507197722,-1.011419103771719,0.004107485781409868,-0.5197956038240965
50,vega,34,0.12000617979156422,0.11906179260136511,0.001963711331701314,-0.48091956030060495
50,vega,35,-0.22246072912129825,-0.2198799688500289,0.002391930091814695,1.0789446899392447
50,vega,36,-0.1453253960226857,-0.14708308600905573,0.00303838866350081,-0.5784941233768369
50,vega,37,0.06934770399886074,0.07496790085686068,0.0030352693077315405,1.8516303787884612
50,vega,38,0.42044011925713887,0.4242152703045318,0.004343920140959823,0.8690654811528846
50,vega,39,-0.7471857456040795,-0.7506607020666006,0.004439293637057367,-0.7827723837670204
50,vega,40,0.26390872184504244,0.2662409259690447,0.0038162180797785806,0.6111296774050118
50,vega,41,-0.7679264172841489,-0.7664843504839085,0.0033568902038548475,0.42958414266406814
50,vega,42,-0.37781213407907305,-0.3811089663658246,0.0034586836757401576,-0.9532043389443579
50,vega,43,-0.28251951602905045,-0.2813279387791242,0.00298744487076126,0.3988616699134629
50,vega,44,-0.2901312041528416,-0.2860414687846098,0.0029149297146159373,1.403030525135893
50,vega,45,-0.5613747217438555,-0.5651477444553992,0.004053126940780695,-0.9308918192473215
50,vega,46,-0.11040776887445605,-0.11262065094869927,0.0022641773115097213,-0.9773448673804189
50,vega,47,-0.5893766335130027,-0.5912099166625487,0.0020507743709728653,-0.8939467820032858
50,vega,48,0.26191106876781123,0.2675892003970681,0.0036480378557231996,1.5564892289559993
50,vega,49,0.10394698061754044,0.1018886652392278,0.0025995013275615297,-0.7918116280569317
50,corr,0,0.007716540444536158,0.0012205279408785518,0.007573169153558571,-0.8577667251239439
50,corr,1,0.006290638162436362,0.019103405772918657,0.006602585127837382,1.9405683323130438
50,corr,2,0.0043882165992487655,-0.007375420829394555,0.007188711656101772,-1.6364041279438932
50,corr,3,0.007170460944723459,0.005735143872939081,0.004645358067674944,-0.3089787807256742
50,corr,4,0.007517381808457913,0.009369797335595152,0.002932531199152411,0.6316780287529906
50,corr,5,0.00858879040258,0.00961211133798215,0.003487458277738179,0.2934288682202772
50,corr,6,0.009688727148291764,0.008401357003708464,0.003222192474615949,-0.3995323540493156
50,corr,7,0.008550787933587508,0.008549259312218938,0.002107511515266495,-0.0007253205296848832
50,corr,8,0.008942607384982088,0.006532737463049336,0.0025164979148857678,-0.9576284199075698
50,corr,9,0.009225798828338941,0.008183503591175173,0.001857299405028048,-0.5611885915335378
50,corr,10,0.0046939968872774605,0.005882881375925717,0.0010837350540962853,1.0970250377659458
50,corr,11,0.005289285555184014,0.00563747344087704,0.0012964197192705292,0.2685765115397545
50,corr,12,0.005015409415027493,0.0038012389165452184,0.0015411272258957162,-0.7878457262193834
50,corr,13,0.006245732198906155,0.00689581304232639,0.0015038918908244086,0.43226567507048125
50,corr,14,0.0091371831198595,0.009224533521599566,0.0014877690523019856,0.05871233952938565
50,corr,15,0.004970274914169766,0.006294150658156878,0.0009913761280954676,1.3353919934812322
50,corr,16,0.00836761930861752,0.00954242179301695,0.0014320382509028587,0.8203708830115051
50,corr,17,0.010197129897890048,0.010673066111553529,0.002038598739552527,0.23346242908398387
50,corr,18,0.012222545933875752,0.01252700392930559,0.0019757648876157566,0.15409626790019526
50,corr,19,0.007896794982226093,0.0075050731332433574,0.001316010582981416,-0.2976585857655422
50,corr,20,0.007094812434946059,0.0076092220896885445,0.0011588364380223828,0.44390186385608776
50,corr,21,0.009461062533697854,0.009309095880369333,0.0016161068061311646,-0.09403255573950454
50,corr,22,0.01078856879207389,0.011224237802617497,0.0018070813494635446,0.2410898716169813
50,corr,23,0.00715572229628583,0.007847755143798872,0.0012250306726213137,0.5649106287536736
50,corr,24,0.011814241377539106,0.013098561607516514,0.0019785186155638424,0.6491322446371831
50,corr,25,0.013040077970986804,0.013541781744210673,0.0021980816147455944,0.22824619880273947
50,corr,26,0.010758302046241253,0.011606944974350795,0.0017948296547345894,0.4728264467164911
50,corr,27,0.012578802114516466,0.01343383278767502,0.0020610261522817693,0.41485678006169263
50,corr,28,0.011523105053319488,0.012182953227035132,0.0018560448368398076,0.35551305691468815
50,corr,29,0.015872039796114377,0.01668739146138023,0.0025669716223044054,0.31763174091262425
50,corr,30,0.012973807743898015,0.013740654911194625,0.0021228844021881793,0.36122888580564083
50,corr,31,0.0062652245622272775,0.006954299477649326,0.001077983700493111,0.6392257277237487
50,corr,32,0.013072455380608576,0.013533751422609685,0.0021301737076028157,0.21655325119951235
50,corr,33,0.007132169225637692,0.008051953778899067,0.0012013582403818807,0.7656205470975912
50,corr,34,0.007936280101301117,0.008396701455421757,0.0013089138732872696,0.35175832689764025
50,corr,35,0.011225111774442919,0.012042345562106775,0.0018385695088595146,0.44449436571522166
50,corr,36,0.012790267475618634,0.013583087699366532,0.002087528032448488,0.37978901908109447
50,corr,37,0.018253167790514113,0.019679640027115048,0.002985141518947306,0.47785749102574293
50,corr,38,0.015190980830840424,0.016386445273303997,0.002478969283034865,0.4822425395283768
50,corr,39,0.016499446872351217,0.01783632852269185,0.002699727277871342,0.49519137036490835
50,corr,40,0.012069665699001465,0.012971991207618178,0.0019763123586933064,0.45657029095001517
50,corr,41,0.012762337651271485,0.013835362061120631,0.0020949470997070003,0.512196422525046
50,corr,42,0.011882632472569264,0.012997461204691403,0.0019387296075522263,0.5750305394725382
50,corr,43,0.011963214015744851,0.01287745216173975,0.0019528024030784912,0.4681672577592332
50,corr,44,0.01585558954283224,0.017316730857811276,0.002588165178459721,0.564547165358509
50,corr,45,0.009817051604999223,0.01074958487208695,0.0016190102897291967,0.5759897098885689
50,corr,46,0.008153985208959609,0.009009853283379833,0.001346070867852297,0.635826905447996
50,corr,47,0.01846489345774521,0.019782035500806715,0.003034966221910654,0.43398902879133305
50,corr,48,0.011959646766679315,0.012948755366813995,0.001958943946357529,0.5049192969374312
50,corr,49,0.010178343464064075,0.001981082979222282,0.0031897736952709054,-2.569856443732948
50,corr,50,0.007100197879536358,0.0056312535232004865,0.0009878666447736136,-1.4869864916559712
50,corr,51,0.01160190944169427,0.012552098096093107,0.0015662996448542062,0.6066455148097041
50,corr,52,0.012163232413189336,0.013950994051126852,0.0012017174027674016,1.4876722545754346
50,corr,53,0.013896787003317129,0.015582617981081778,0.0012663687333211153,1.3312323128378838
50,corr,54,0.015676500555028266,0.017417935475509787,0.001451455663479775,1.1997851290245674
50,corr,55,0.013835298459245759,0.015639338811561185,0.0011873362845300271,1.5194013489021807
50,corr,56,0.014469267994484548,0.01583126110670078,0.0013793646313467922,0.987406144295871
50,corr,57,0.014927475842741036,0.016776229051083072,0.0013180689067110285,1.4026225783257584
50,corr,58,0.007594954804943603,0.00887882676288272,0.0006689773287985138,1.919156154730918
50,corr,59,0.008558140473195646,0.00979980473805989,0.000777174450661957,1.5976648020359623
50,corr,60,0.008115004920149375,0.00899742956486666,0.0007411665859760105,1.190588811495404
50,corr,61,0.010105684966055954,0.011738527918154688,0.0008750491334970877,1.8660014501964743
50,corr,62,0.0147840943456775,0.016961110074328323,0.001276155407882855,1.705917410374413
50,corr,63,0.008041976645442327,0.009323602230604579,0.0006920524884580085,1.851919625371041
50,corr,64,0.013538928976747527,0.015608943935209669,0.0011686305607679485,1.7713168112785458
50,corr,65,0.01649910355171402,0.019162253419673998,0.0014209257209333588,1.8742358088997388
50,corr,66,0.019776255970841768,0.022761719833555807,0.0017211404005930706,1.7345847332880622
50,corr,67,0.012777128411923347,0.01471576779649214,0.0011113875116970401,1.74434152279485
50,corr,68,0.011479509059542776,0.01314899204120232,0.0009989485971914555,1.6712401282241105
50,corr,69,0.015308135918227552,0.017697013549927545,0.0013305154242435938,1.795452790829603
50,corr,70,0.01745606023044276,0.01987623950666713,0.001568170368628143,1.5433139948573151
50,corr,71,0.011578062095507666,0.013133759073764016,0.001024735167377286,1.5181453977401898
50,corr,72,0.01911561329755103,0.02159544700006658,0.0016876483307851572,1.4694019229479156
50,corr,73,0.02109903462250236,0.023733245821525487,0.0018734560950961657,1.406070420288077
50,corr,74,0.01740708819824678,0.019751215535306108,0.0015590571564299922,1.5035544575075281
50,corr,75,0.02035268362001249,0.02305581752004385,0.001821132937988441,1.4843144306736595
50,corr,76,0.018644550517232933,0.021201705320294185,0.0016795015698707273,1.5225676765863805
50,corr,77,0.025681189785294684,0.029182308356146013,0.0023064148505465847,1.517991687411143
50,corr,78,0.020991808437283346,0.023744302440442695,0.0018771861227918143,1.4662872102771287
50,corr,79,0.010137223891628471,0.011224878850574405,0.0009466517042192014,1.1489494542694894
50,corr,80,0.021151421739214134,0.024521779467107093,0.001948352377710295,1.7298501885238056
50,corr,81,0.01153995288679151,0.01272981324125466,0.0011042040975154602,1.0775728482989906
50,corr,82,0.012841015905256683,0.01484406737803699,0.0012143911042640197,1.6494286443198656
50,corr,83,0.0181623930851778,0.020825272869156346,0.0016645136930362923,1.5997944595583962
50,corr,84,0.020694837630539236,0.023935346254904163,0.0019009094065980635,1.704714918615853
50,corr,85,0.02953388929416486,0.033781050178488835,0.002740103581002401,1.5500001218093564
50,corr,86,0.024579226536282507,0.02795144608985331,0.002242000169585195,1.504112086750964
50,corr,87,0.026696343502425588,0.030320736003662935,0.0024168325794679275,1.4996456651686099
50,corr,88,0.019528893541269975,0.02245197174817196,0.0017824570784780672,1.6399150600573364
50,corr,89,0.0206496467710818,0.023650104103420163,0.001877586242942752,1.5980396871867408
50,corr,90,0.019226271077751628,0.021865638803019272,0.0017461404224046123,1.5115437976248025
50,corr,91,0.019356653179237463,0.022152671657045216,0.001765251564544843,1.5839206909462138
50,corr,92,0.025654573037732213,0.029404262178104105,0.0023434309250716895,1.6000851999754089
50,corr,93,0.01588413138062674,0.018206140065841942,0.0014514131688994248,1.5998261108350904
50,corr,94,0.013193265915893277,0.015097631835910834,0.0012052930018683836,1.5800024699931934
50,corr,95,0.029876464483770362,0.03426426763842269,0.0027308253323083203,1.6067681454175586
50,corr,96,0.019350881318692743,0.022233876154661433,0.0017701905651177903,1.6286352965489073
50,corr,97,0.005788186566622208,-0.0009834306522013348,0.003673136329797532,-1.8435518344065391
50,corr,98,0.009458048566664354,0.006958379957671914,0.002373014988010169,-1.0533724488139342
50,corr,99,0.009915647374228342,0.008880963989258178,0.001515287918144454,-0.6828295616830276
50,corr,100,0.011328866774775414,0.009649447408035588,0.0019722447107450368,-0.8515268706718483
50,corr,101,0.012779715645077966,0.009651516590007004,0.002131354634815843,-1.4677046250171548
50,corr,102,0.01127874040212588,0.00905402784196063,0.0013043312274843787,-1.705634668009889
50,corr,103,0.011795561765385761,0.008322912944493383,0.0014877271858228856,-2.3341973272953274
50,corr,104,0.012169099595879614,0.009248648505827309,0.0013550463567992364,-2.155240723240437
50,corr,105,0.006191519746622611,0.005529764748661839,0.0006993907779667843,-0.946187766279356
50,corr,106,0.006976722981902523,0.005757123344452996,0.000838981666776017,-1.4536666124494992
50,corr,107,0.006615472309899756,0.004716122126753166,0.0009256748241603586,-2.05185464006695
50,corr,108,0.008238304193693924,0.006889736205816152,0.0009939637155549363,-1.356757763662286
50,corr,109,0.012052212873947924,0.009672888469296058,0.0012449300875412134,-1.9112112627554265
50,corr,110,0.006555938577767978,0.005903934115992995,0.000730015664396253,-0.8931376319359015
50,corr,111,0.01103713560653319,0.009410497231950686,0.0011770086865343621,-1.3820105095163329
50,corr,112,0.013450313802462078,0.010945883569687977,0.0014592753754913176,-1.7162149617791598
50,corr,113,0.016121897035915194,0.013022152591566171,0.0016393067630861445,-1.8908873641889155
50,corr,114,0.010416104492954078,0.008106755047381559,0.0010628860592256605,-2.1727159045203193
50,corr,115,0.009358265960638594,0.007746114950918506,0.0009573212497586236,-1.6840230070382027
50,corr,116,0.012479419332422552,0.00986419282419777,0.001323064516766492,-1.9766432211607288
50,corr,117,0.014230439073142394,0.01162234469334727,0.001461666085310342,-1.784329817874492
50,corr,118,0.009438607856533623,0.007927066135036489,0.000942970388221446,-1.6029577814718885
50,corr,119,0.015583331335105663,0.013178287052285121,0.0016661720488934503,-1.4434549447746385
50,corr,120,0.0172002458019719,0.014091170774278967,0.0017005886742287688,-1.8282345841818133
50,corr,121,0.014190516346521784,0.011817639006897564,0.0014084756465588114,-1.6847130764537075
50,corr,122,0.01659180940063614,0.013753601412059762,0.0016564579552650913,-1.7134198785758898
50,corr,123,0.015199313973430252,0.012519763332079315,0.0015391550257482054,-1.7409231666240825
50,corr,124,0.020935686617768578,0.01720048553703122,0.002063419357909478,-1.810199689374641
50,corr,125,0.017112833426231835,0.014132779238818852,0.0017072556544582807,-1.7455231028996459
50,corr,126,0.00826401519336207,0.007036647054529225,0.0008598761928585756,-1.4273777423149474
50,corr,127,0.01724295255611591,0.01396369301751399,0.001713097861487479,-1.9142277930080107
50,corr,128,0.009407540664647154,0.008089770157192528,0.0010046974774187674,-1.3116092526082526
50,corr,129,0.010468186524604626,0.00857908970800086,0.0010597001961115428,-1.7826710078337316
50,corr,130,0.014806252087188734,0.012253162810349083,0.0014831406141261566,-1.7214074326620017
50,corr,131,0.016870738422199716,0.01385015607684339,0.0017147948812584848,-1.7614831828396444
50,corr,132,0.02407646437084305,0.019991434403843225,0.00242158082282184,-1.6869269563505984
50,corr,133,0.02003734984137719,0.01667329735526909,0.0020196657431482087,-1.665648138817413
50,corr,134,0.02176325497688273,0.018136748797969445,0.0021846391030137637,-1.6600024113412737
50,corr,135,0.01592024351636174,0.013175733603682991,0.0015956147626206042,-1.7200329158218755
50,corr,136,0.016833898163648678,0.014010923920820696,0.0016948723340184573,-1.6655969810627873
50,corr,137,0.015673541197945597,0.013134903895394689,0.0015929996518062736,-1.5936207516884218
50,corr,138,0.01577983061989584,0.01308937599784842,0.0015919736825558458,-1.690011996761159
50,corr,139,0.020913988250581897,0.017468869687279225,0.002106276462501807,-1.6356440498844138
50,corr,140,0.012948979372080496,0.01083027878649235,0.0013134298652338029,-1.6131052305644034
50,corr,141,0.01075534595512354,0.009042368255535024,0.001087218280680494,-1.5755600600427333
50,corr,142,0.024355736743835295,0.020140481960034217,0.0024610386016802543,-1.7127950699038799
50,corr,143,0.015775125313616186,0.013107435241877723,0.0015940199652239376,-1.673561266444796
50,corr,144,0.006597735340203232,0.008783016632226127,0.004003341922536149,0.5458642639843517
50,corr,145,0.006916946623907241,0.010443873037674576,0.0018796405075339271,1.876383489093153
50,corr,146,0.007902778692407459,0.011918908958493466,0.002553526581352116,1.5727779359788097
50,corr,147,0.00891486028592216,0.01091388313503321,0.0032604873809268563,0.6131055316468637
50,corr,148,0.007867811591321546,0.01005134706316632,0.0020586035625440977,1.0606876970261727
50,corr,149,0.008228335281691462,0.009455812856026844,0.002622239854232357,0.4681027070632783
50,corr,150,0.008488907399478897,0.009881408639239765,0.0024722701512266032,0.5632480087461261
50,corr,151,0.00431907368141852,0.0059046166042912955,0.0011167011109372439,1.4198453886573408
50,corr,152,0.00486681490923453,0.006175439653551515,0.0013189138958745572,0.9921987693133294
50,corr,153,0.004614814054243635,0.005015239000956273,0.0014987563712121597,0.2671714725648061
50,corr,154,0.005746867373218449,0.006946608490983386,0.0017155252253918663,0.6993433264677804
50,corr,155,0.008407369685789486,0.009876390740441561,0.0020494003815406865,0.7168052996787788
50,corr,156,0.004573284577454477,0.006642089553418513,0.0012593521266155772,1.6427533906055392
50,corr,157,0.007699273178031641,0.010161977630541764,0.0019490232140570878,1.263558296662745
50,corr,158,0.009382655426839765,0.010594165094255481,0.0027855737451921024,0.43492284830253747
50,corr,159,0.01124629558362366,0.013166100690552686,0.002769140520438404,0.6932855493462237
50,corr,160,0.007266054962186535,0.007706152435021038,0.0018152042149638618,0.24245066709657492
50,corr,161,0.006528129097279708,0.008329185441874852,0.0017983216348020595,1.001520701158325
50,corr,162,0.008705379907324558,0.009383335171840793,0.0024766259193004557,0.273741488059581
50,corr,163,0.009926854373575392,0.012682485390492276,0.002911228649561905,0.9465525895163075
50,corr,164,0.006584173910552697,0.009128387864682954,0.0019053449854207845,1.3353035663346717
50,corr,165,0.010870603501667526,0.015603052935058115,0.0030090087491951175,1.5727602768375053
50,corr,166,0.011998528955310192,0.01644068869462505,0.0031483764913506226,1.410936637190178
50,corr,167,0.009899005120904978,0.013455331291355852,0.0026065262047357918,1.364393023937144
50,corr,168,0.011574096545277138,0.01570255670015801,0.003042820728431218,1.3567871798380233
50,corr,169,0.010602721083796729,0.013907055614344166,0.002888613826474992,1.143917023543349
50,corr,170,0.014604293739441686,0.01911766267357045,0.0040418340754960315,1.116663586338552
50,corr,171,0.011937551924316286,0.01618631846203647,0.0034401659638479405,1.2350469664457109
50,corr,172,0.005764802824696292,0.009178497393420975,0.0021104027641057955,1.6175559598317288
50,corr,173,0.012028320286904154,0.013560581419494957,0.0037206113701978086,0.4118304708909545
50,corr,174,0.006562502092271633,0.010813600388953275,0.002562333188834202,1.6590731897032434
50,corr,175,0.00730238628977366,0.00863547001066749,0.0025139327977784474,0.5302781848710798
50,corr,176,0.010328529396212998,0.013097967214647876,0.0032469223598983435,0.8529424209951191
50,corr,177,0.011768671551950775,0.013934328328490229,0.0035741126268951495,0.605928520618773
50,corr,178,0.016795234104267042,0.021750898486078286,0.005126042417588526,0.9667622657212748
50,corr,179,0.013977632937773585,0.01875094034014311,0.004036013721945547,1.1826786852618942
50,corr,180,0.015181587984747839,0.02056628386876737,0.0043883629225827,1.2270397820357248
50,corr,181,0.011105626338476888,0.013878814511594116,0.0032892181323093267,0.8431147043355866
50,corr,182,0.011742972564038922,0.015184400912599413,0.003429816523057827,1.0033855529660554
50,corr,183,0.01093353200070185,0.01489382919659445,0.0032184096996599057,1.2305136901343203
50,corr,184,0.011007677261275217,0.014180110414953942,0.0031939442771326426,0.9932650285704955
50,corr,185,0.014589157415811791,0.018944023512904053,0.004213048802103918,1.0336614413100373
50,corr,186,0.009032935094439764,0.011763872052971778,0.0026037378056695806,1.0488525198602794
50,corr,187,0.007502702656268642,0.009971688370497951,0.0021820153449538296,1.1315162012673892
50,corr,188,0.01699004862566077,0.021481153266466966,0.004959057176296446,0.9056367936778398
50,corr,189,0.011004394938784596,0.013928118373669893,0.003210712074409154,0.9106152676188913
50,corr,190,0.011302472086713875,0.013518998760726639,0.003018271377742468,0.7343695766914858
50,corr,191,0.012913347526738167,0.014323197965778404,0.0034672703724362313,0.4066168159968513
50,corr,192,0.014567115378674418,0.013421954810707775,0.003501965800264713,-0.32700506894729836
50,corr,193,0.012856210367025117,0.013047726474513523,0.0020640035883970668,0.09278865044858778
50,corr,194,0.013445315526940789,0.011078843933902871,0.0029331940339882095,-0.8067899926212075
50,corr,195,0.013871097197380335,0.012922386219744262,0.0021263417567076695,-0.4461705060549691
50,corr,196,0.0070574796046522165,0.008418343527563363,0.00114040452408904,1.193316839915389
50,corr,197,0.007952503127999251,0.008425293136425946,0.0014249331896422639,0.3317980182252546
50,corr,198,0.007540727125634539,0.006328198086070934,0.001644786610036528,-0.737195349332687
50,corr,199,0.009390531921606349,0.010162429681421961,0.0014159883647029024,0.5451300159359493
50,corr,200,0.013737862435989557,0.013955025653150842,0.001496553898909139,0.14510885128800136
50,corr,201,0.007472866872012956,0.00901606452358254,0.0010455971549451454,1.4759007752374227
50,corr,202,0.012580814182072029,0.014004631821168059,0.0015533331265646995,0.9166209197153341
50,corr,203,0.015331504900526038,0.01592309110987932,0.0023419524221302656,0.2526038546996482
50,corr,204,0.018376741765434874,0.018855569726767635,0.0020082333692492925,0.23843242954963648
50,corr,205,0.011872924262100463,0.011505716468711917,0.0013622036039160966,-0.26956894867469694
50,corr,206,0.010667134056730582,0.011354071011235135,0.0012638064216727717,0.5435460231285455
50,corr,207,0.01422481894925999,0.014124156700196963,0.0017332795307930793,-0.058076177139741426
50,corr,208,0.01622074024373938,0.016911342960267584,0.0019624158183952733,0.3519145687955828
50,corr,209,0.010758712750634863,0.011695553789743844,0.001407629063387106,0.6655453936527198
50,corr,210,0.017762851056081677,0.01950349650585872,0.002141414549987289,0.8128484275907141
50,corr,211,0.019605910811903392,0.02051640761968131,0.002251075434812405,0.4044719220410286
50,corr,212,0.016175233834906433,0.01736248072294751,0.0018562014250387813,0.6396110206715699
50,corr,213,0.01891237712891749,0.020157060271043338,0.0020765531403691383,0.5993986466941984
50,corr,214,0.0173251241636923,0.01829520015488363,0.0019476570672745154,0.49807330432601377
50,corr,215,0.02386379877006601,0.025100575919553215,0.002649215504259638,0.46684656174577266
50,corr,216,0.019506272744962517,0.020671184631563717,0.0021996174929872964,0.5295974824327911
50,corr,217,0.00941983891943546,0.010433509101984477,0.0011259325333352866,0.9002938919850543
50,corr,218,0.01965459062860213,0.020258399028063014,0.002211619157357672,0.27301644474009745
50,corr,219,0.010723300431513668,0.012049364055981995,0.0012928491667645987,1.0256908992615499
50,corr,220,0.011932290603674857,0.012520608776279968,0.0014070539430658731,0.41812055287888045
50,corr,221,0.016877087759216834,0.017960071630419464,0.0019931919677956974,0.543341478743926
50,corr,222,0.019230317789916643,0.020232142377673984,0.0021433948264360553,0.46740086119510327
50,corr,223,0.02744385275392994,0.02934620445712268,0.003146505682066043,0.6045918537619254
50,corr,224,0.022839818594447638,0.02449069505158818,0.002585434031407771,0.6385297157404707
50,corr,225,0.02480711269861959,0.026657877067449195,0.002832534422043882,0.6533951906907964
50,corr,226,0.018146884531719167,0.019316915467478265,0.0020708618654239138,0.5649970938643885
50,corr,227,0.01918832497006076,0.020593890682780832,0.0021618364398913376,0.6501720883152107
50,corr,228,0.01786567787295141,0.019362028814620732,0.0020281597651038053,0.7377875093546866
50,corr,229,0.01798683317218361,0.0192055463808045,0.002066565411591629,0.5897288330603877
50,corr,230,0.023839065620509664,0.025723886426953477,0.002700640397082569,0.6979162455245563
50,corr,231,0.01476005271070496,0.01595878274559432,0.001659286702204014,0.7224369563723374
50,corr,232,0.012259612797111496,0.013356974520576685,0.0014152481390812873,0.7753846786031066
50,corr,233,0.027762184788259755,0.029509893245435136,0.003143788075993202,0.5559243864182023
50,corr,234,0.017981469771199476,0.01925432285009981,0.0020371958021486503,0.6248064508859896
50,corr,235,0.013538120426585813,0.013233439458300182,0.0010958490582627775,-0.27803187490860615
50,corr,236,0.015271900787624733,0.01443313117645109,0.0012541734361359,-0.6687827911248752
50,corr,237,0.01347821885982114,0.012892052729668558,0.0009440334854000974,-0.6209166721497755
50,corr,238,0.014095826074553631,0.013139072030013183,0.001069001170749691,-0.8949981260258829
50,corr,239,0.014542207891344978,0.013710361851899697,0.001017950918031684,-0.8171769627692301
50,corr,240,0.007398934211142463,0.007233430929839725,0.0005295933135006058,-0.3125101414305314
50,corr,241,0.008337260715452068,0.008004922940811598,0.0006091923687441491,-0.5455383089016445
50,corr,242,0.007905562188230622,0.007353637954125284,0.0005890596914056216,-0.9369580742969011
50,corr,243,0.009844864142405478,0.009441349287590809,0.0007193919836785641,-0.5609109692205944
50,corr,244,0.01440252697274653,0.013698226961822789,0.0010161524226157187,-0.6931046910371713
50,corr,245,0.007834418723392756,0.007704720207639645,0.0005562963062162181,-0.2331464622429128
50,corr,246,0.013189498471153726,0.012764724288309747,0.0009503426250637507,-0.44696951566860865
50,corr,247,0.016073272963059517,0.01528169585895621,0.0011752275795932714,-0.6735521849965947
50,corr,248,0.019265844317563136,0.01833770285537321,0.001365198551126721,-0.679858223863419
50,corr,249,0.012447359458361125,0.011709310323818434,0.0008724276243351543,-0.8459717619614936
50,corr,250,0.01118323077478821,0.010746711999714031,0.0007854968917087719,-0.5557231093869445
50,corr,251,0.014913043390392318,0.014075244727277248,0.0010681484952687328,-0.7843466211168428
50,corr,252,0.01700553124380908,0.016309230148873186,0.00122188389406401,-0.5698586406765577
50,corr,253,0.011279240224237198,0.010929091703312455,0.0007977634838387754,-0.4389126953265084
50,corr,254,0.018622252380245775,0.01811151709310709,0.0012956070336524613,-0.3942053986067567
50,corr,255,0.02055448295609328,0.01982193508071154,0.001429094709271707,-0.5125957507428316
50,corr,256,0.01695782314630096,0.016385485573853137,0.0011830661252440963,-0.48377479519983446
50,corr,257,0.019827394762987987,0.019141684216186238,0.0013750903867742728,-0.4986657992790631
50,corr,258,0.018163347408405417,0.017475074536384614,0.001267796281425287,-0.5428891708429923
50,corr,259,0.025018375825169928,0.024057289756967956,0.0017552851568824622,-0.547538423847293
50,corr,260,0.020450024205445956,0.019730487024027032,0.001436726945767615,-0.5008169322212369
50,corr,261,0.009875589069859855,0.009696239813881641,0.0006980716618139966,-0.25692098073736347
50,corr,262,0.0206055179971194,0.019573948940450545,0.0014651254126211493,-0.7040824271987416
50,corr,263,0.011242114588157572,0.011087939724263935,0.0008123593045323447,-0.1897865427692637
50,corr,264,0.012509598059146539,0.011941562404077996,0.0008977668685444663,-0.632720670556142
50,corr,265,0.017693634130208257,0.01699528491229339,0.0012450811910501873,-0.5608864891178957
50,corr,266,0.02016071801230056,0.019252004363400733,0.0014295686945531988,-0.6356558116879021
50,corr,267,0.02877163979230725,0.027691067858941265,0.002026616637517429,-0.533190102835466
50,corr,268,0.02394485349463139,0.023111502909529364,0.0016842540261509074,-0.4947891304772565
50,corr,269,0.026007329118527156,0.02512608663466355,0.001827593594060956,-0.4821873346061937
50,corr,270,0.01902486614327318,0.018255773472030282,0.0013352609290874415,-0.5759868011479364
50,corr,271,0.020116693498046317,0.019366285502101874,0.0014112851443436624,-0.531719616657221
50,corr,272,0.018730054158753052,0.01811866749984177,0.0013146344308153706,-0.4650621074423585
50,corr,273,0.018857071187291033,0.018139238544432897,0.0013282780892189094,-0.5404234615360222
50,corr,274,0.02499244603767453,0.024080759990636556,0.001757487218034773,-0.5187440555371013
50,corr,275,0.015474172803490893,0.014915921634099582,0.0010883125173720858,-0.5129511610684241
50,corr,276,0.012852756737704831,0.012417241146782805,0.0009044831705353099,-0.4815076776544885
50,corr,277,0.029105373350354354,0.027947457818849965,0.0020424715847702996,-0.5669187959031555
50,corr,278,0.018851448294522996,0.018116387222177507,0.0013231397125539742,-0.555543050647801
50,corr,279,0.017448515754025853,0.016099568310915347,0.002279347133703166,-0.5918130780364833
50,corr,280,0.015399190800294265,0.014996815480830697,0.001525083216585238,-0.26383827130726234
50,corr,281,0.016104821969977628,0.014054355868059549,0.0018226670828753724,-1.1249811450390266
50,corr,282,0.01661482398419356,0.015608227148014171,0.0014613105597948478,-0.6888315624850512
50,corr,283,0.008453461159905777,0.009072686668505393,0.0008708826043113048,0.7110321248055024
50,corr,284,0.009525521869344983,0.00956358334986581,0.001010945137413905,0.03764940263543072
50,corr,285,0.009032295868340775,0.00806575497888325,0.0009542935793022387,-1.0128339018735109
50,corr,286,0.011247995221669011,0.011571615171702512,0.0011146975590518955,0.290320856456127
50,corr,287,0.016455235158768712,0.016320164479236673,0.0014420194133571117,-0.09366772616298298
50,corr,288,0.008951012740308318,0.009556776205327643,0.0008245405423570408,0.7346678955138863
50,corr,289,0.01506932077820415,0.015520894223327147,0.0013267835889542057,0.34035199778053926
50,corr,290,0.018364102832697973,0.018623758934702153,0.001661597688120219,0.15626893553151922
50,corr,291,0.022011692765972552,0.021991103394118028,0.0018836919256299382,-0.010930328667007928
50,corr,292,0.0142214090194477,0.013950797698273844,0.0012304803169672382,-0.21992332379670274
50,corr,293,0.012777111445938608,0.012853734157382406,0.0010832529568377699,0.07073390472662544
50,corr,294,0.01703851250451991,0.016926053921101577,0.001476326776018803,-0.07617458766249557
50,corr,295,0.019429230450057896,0.019267358426758713,0.0016649368683571875,-0.09722412085144312
50,corr,296,0.012886804562371339,0.012911962126725735,0.0011197696865245567,0.022466731022589125
50,corr,297,0.02127637342271531,0.021291793379535403,0.0018291735105341752,0.008430013189722734
50,corr,298,0.023483993555397514,0.022979895154764885,0.0020663958942462517,-0.2439505430862785
50,corr,299,0.019374722795605374,0.0193307397412099,0.0016711734515175067,-0.026318665100583304
50,corr,300,0.022653277721894707,0.022501069901801438,0.0019482520082412585,-0.07812532436739089
50,corr,301,0.020752063401185718,0.020639145314984828,0.0017952128159934003,-0.06289955441210784
50,corr,302,0.02858409904544121,0.028364504374948106,0.00248108374606767,-0.08850756079521557
50,corr,303,0.023364646908135858,0.023119136679536537,0.002024856077993334,-0.12124823648830668
50,corr,304,0.01128309919387157,0.011062712533839905,0.0009925801426415204,-0.22203412154222285
50,corr,305,0.02354230232322773,0.02376291669844272,0.002077557557172395,0.10618929639439202
50,corr,306,0.012844387625866715,0.012605682594289895,0.0011411638563521669,-0.20917682438686935
50,corr,307,0.014292518125079973,0.014464391907176759,0.0012595265175465043,0.13645904211019533
50,corr,308,0.02021540462841923,0.02036010322110376,0.0017560119296598942,0.08240182782389036
50,corr,309,0.02303410759027143,0.02334678628371091,0.0020177112827033192,0.1549670144187103
50,corr,310,0.03287229383994123,0.03306721984153342,0.0028589316285573597,0.06818141421960167
50,corr,311,0.027357573837008823,0.027357737972206045,0.002438415365851181,6.731223872705235e-05
50,corr,312,0.029714002084958217,0.02969255157192874,0.0026478566892295034,-0.008101085348285086
50,corr,313,0.02173636937768274,0.021963779466167926,0.001925570953300819,0.11810008252116509
50,corr,314,0.02298380851871441,0.023186018892327014,0.0020370325552363363,0.09926712908579093
50,corr,315,0.021399539560104076,0.021482899374799726,0.0019148248860418754,0.04353391023027802
50,corr,316,0.021544659585063276,0.021675690469405273,0.0019251882319630956,0.0680613366353197
50,corr,317,0.028554473636534773,0.02888631956021706,0.0025578727169247545,0.12973511992467515
50,corr,318,0.017679616420833433,0.017898117797732486,0.0015821847410467113,0.13810105181175059
50,corr,319,0.01468458520908087,0.014878217388968735,0.0013173337983313736,0.14698793892112394
50,corr,320,0.033253592495963845,0.03348689188325948,0.0029758753940655465,0.07839689382185662
50,corr,321,0.021538235294176984,0.02179300966251486,0.0019353952034247579,0.13163945425050325
50,corr,322,0.017371312021273427,0.017990937053489725,0.002152710982622058,0.28783475218841426
50,corr,323,0.01816731093962384,0.016658317147539455,0.0027662939714194995,-0.5454929257970574
50,corr,324,0.01874262715171036,0.018351850422743964,0.0021457965457743165,-0.1821126656839611
50,corr,325,0.009536066756548865,0.010907968435138837,0.0011377061226690278,1.2058489017985843
50,corr,326,0.01074542258121079,0.011392438635473201,0.0013103030549393312,0.49379115146180325
50,corr,327,0.010189030828451594,0.009378384285442312,0.0015318432551697167,-0.5291967962606383
50,corr,328,0.012688487151264546,0.01355350230960671,0.0014457092492971338,0.5983327275264456
50,corr,329,0.018562600336177265,0.019077740852623152,0.001761383752114892,0.29246353375711454
50,corr,330,0.010097338050731744,0.011698919877717788,0.001138747451536694,1.4064416344684443
50,corr,331,0.01699919668388296,0.018611464739916577,0.001620126016643324,0.9951497843198729
50,corr,332,0.020715930105330717,0.021480761215209317,0.0023722556037532776,0.3224067038427554
50,corr,333,0.02483065429300412,0.025655775703129297,0.0022884760617900633,0.3605549666443785
50,corr,334,0.016042695792447572,0.01591269057572175,0.0015319549664050464,-0.08486229659276236
50,corr,335,0.014413432013177102,0.01532999680518207,0.0013070129453467132,0.7012668047919219
50,corr,336,0.0192205759986251,0.019351947627353726,0.0018209748232492775,0.07214357225115935
50,corr,337,0.021917464940737857,0.0230431974612782,0.002163298237059955,0.5203778661930029
50,corr,338,0.014537173148464706,0.015780295683338063,0.0015431086535232892,0.8055962436831704
50,corr,339,0.024001165139148364,0.02629843476938972,0.0024182338076892103,0.9499782952900475
50,corr,340,0.026491507563409702,0.02811153832879776,0.0024935117305306953,0.6496984736635928
50,corr,341,0.02185597667909333,0.023506824674679353,0.0020714781763166877,0.7969420167975944
50,corr,342,0.025554404820029592,0.02736936192078736,0.002397089016788302,0.7571504804562944
50,corr,343,0.023409708542630515,0.024855516576859058,0.0022198304513370484,0.6513146233117508
50,corr,344,0.032244765962368284,0.03415320797232266,0.0030012265156035686,0.6358873613945039
50,corr,345,0.02635687660291563,0.02813611217132836,0.002476303538206526,0.7185046344122055
50,corr,346,0.012728086768038247,0.014179492029407801,0.0014115293308806299,1.0282501607416448
50,corr,347,0.026557283733904015,0.02741560904824963,0.002540886777384522,0.33780541580413836
50,corr,348,0.014489324021288863,0.01633951268654702,0.0014436124823235695,1.2816380350772414
50,corr,349,0.016122911595830458,0.01688679590154254,0.0015982728846744394,0.477943605899116
50,corr,350,0.022804321732922163,0.024237003398682774,0.002170541965689933,0.6600571140329076
50,corr,351,0.025984006255350866,0.027259328147122387,0.002482770835819214,0.5136687902775029
50,corr,352,0.037082135065025085,0.03960196993075667,0.0035143482803732676,0.7170134160590209
50,corr,353,0.030861163903406243,0.033127656656294635,0.0028622733015625295,0.7918505726378758
50,corr,354,0.0335193717846989,0.0360615425365064,0.0031140676291373267,0.8163505275290821
50,corr,355,0.024520071188556508,0.02602774086591036,0.002286656215946475,0.6593337760349823
50,corr,356,0.02592726555528884,0.02774263654053016,0.0024128930507295514,0.752362805592412
50,corr,357,0.024140104738688523,0.026111030758428647,0.0022570975356929097,0.8732126053804168
50,corr,358,0.02430380978441424,0.025920121216979192,0.002265925816977826,0.713311715879871
50,corr,359,0.032211346529584725,0.03458721613026337,0.003005735208091951,0.7904454105878641
50,corr,360,0.019943783880959392,0.02144538564881616,0.0018482748312070878,0.812434245439619
50,corr,361,0.01656518935819965,0.017926652516243015,0.0015514218558563236,0.8775583203911289
50,corr,362,0.037512265324008205,0.03983143192331705,0.0034910368339550577,0.6643202892481137
50,corr,363,0.02429656275676529,0.025909249888062567,0.002255622590943544,0.7149631936531888
50,corr,364,0.016033563624057365,0.017300909298082107,0.0012831838097730672,0.9876571574331768
50,corr,365,0.016541309053256913,0.01731714733245502,0.0011554915714305806,0.6714356888277113
50,corr,366,0.008416057476668607,0.00819333742986993,0.0006048286123668721,-0.3682366247970775
50,corr,367,0.009483374683011464,0.009589096767817563,0.0007239733273354505,0.14603035887413676
50,corr,368,0.008992331038885335,0.009646108987008906,0.0007319776282620818,0.8931665707814335
50,corr,369,0.011198226678067021,0.011227253220633433,0.0008380841258175284,0.03463440205134184
50,corr,370,0.016382426353969217,0.016738392797397098,0.0010626415540325091,0.3349826120360718
50,corr,371,0.008911407560979133,0.008659860263476062,0.0006161386461199398,-0.4082641124480012
50,corr,372,0.015002644171980347,0.014947379079177418,0.0010206029433344848,-0.054149454657036876
50,corr,373,0.01828284793931219,0.018530899136715774,0.0012619691408441833,0.1965588455179292
50,corr,374,0.02191429853085886,0.022320066751999854,0.0014328856804044054,0.2831825502132694
50,corr,375,0.014158484133642039,0.014621283752714214,0.0009295771549936765,0.4978603621937369
50,corr,376,0.012720577084430378,0.012845837503047313,0.0008410580861270445,0.14893194736851248
50,corr,377,0.016963122896346834,0.017403379476497238,0.0011322888082950975,0.38882004036876744
50,corr,378,0.019343262730144216,0.019662348793453886,0.0012752335419973938,0.25021774663320595
50,corr,379,0.012829784846225198,0.012907589726037005,0.0008530017918032347,0.09121303209378846
50,corr,380,0.02118223272497206,0.021269608086279403,0.0014131581862866474,0.0618298518561028
50,corr,381,0.023380084891304283,0.023798749516843607,0.0015523539881088287,0.2696966212257855
50,corr,382,0.01928899625347705,0.019471200449169012,0.0012730500741808051,0.14312413893790274
50,corr,383,0.022553044692113704,0.022816226870257816,0.0014833404704191202,0.1774253338276065
50,corr,384,0.020660242596512588,0.02093679355181788,0.0013749999266103406,0.20112797822982106
50,corr,385,0.028457624153548827,0.028872346648872192,0.0018733342821846707,0.2213820028103677
50,corr,386,0.023261266312262868,0.02357508377352981,0.0015362531517224543,0.20427457604567884
50,corr,387,0.011233175327162061,0.011295896245499856,0.0007558203866193302,0.08298389332727094
50,corr,388,0.023438135662718518,0.023810766397514737,0.001546819126035197,0.24090129771755883
50,corr,389,0.012787555590201612,0.012816672287474495,0.0008341899724656543,0.0349041564079476
50,corr,390,0.014229278605728122,0.014397371687125642,0.0009380174628763351,0.1792003753129283
50,corr,391,0.020125958355829858,0.020321183936085792,0.001316144327020414,0.14833143770630391
50,corr,392,0.02293218951817527,0.02318466228065107,0.00150987343804516,0.16721452018036626
50,corr,393,0.03272684514823848,0.033017870636894056,0.0021483675034470458,0.13546354996927928
50,corr,394,0.02723652590095273,0.02748954134305928,0.0017897468350927274,0.14136940328403638
50,corr,395,0.029582527757381516,0.02984739243977102,0.0019430010884213813,0.13631731035451744
50,corr,396,0.021640193354684603,0.021836994484137676,0.0014224451853914735,0.13835410423840777
50,corr,397,0.0228821130028593,0.023057092666225604,0.001506915044443873,0.11611780240131672
50,corr,398,0.021304853894199116,0.021441105234725914,0.0013999589867876045,0.09732523724816061
50,corr,399,0.021449331812529768,0.02164610795669543,0.001414033137377207,0.1391594998478238
50,corr,400,0.028428129826975356,0.028599831645188523,0.0018755293472868,0.09154845721905468
50,corr,401,0.017601390146429294,0.017698129501306645,0.0011623268295560265,0.08322904747393911
50,corr,402,0.014619610926566298,0.014674164461543949,0.0009624284497994844,0.05668321108859279
50,corr,403,0.03310645668772044,0.03343627279071091,0.002186643186487353,0.15083215452279028
50,corr,404,0.02144293594694014,0.02160654476353709,0.0014166834958230388,0.11548720450215907
50,corr,405,0.017299275066323044,0.016782602806353544,0.0025280304649229215,-0.20437738672000266
50,corr,406,0.008801703226396613,0.011211870122802144,0.0014631163750129666,1.6472831126534087
50,corr,407,0.009917927696666643,0.01109270988325199,0.0017501654026803228,0.6712406637602397
50,corr,408,0.009404383149378533,0.008116188782509333,0.0022061688090595547,-0.5839056202677123
50,corr,409,0.011711358692060437,0.013461304601398414,0.002025941512112275,0.8637692148937998
50,corr,410,0.01713311194649931,0.018353211752055388,0.0019991768195562047,0.6103010967418718
50,corr,411,0.00931975154621365,0.011979554265502677,0.0014612631562033844,1.8202078852105301
50,corr,412,0.015690104538742963,0.01852015918158856,0.0019131235397630186,1.479284836564272
50,corr,413,0.019120615815810826,0.021059034667282806,0.002762285713711916,0.7017445160903228
50,corr,414,0.022918468964595214,0.02483962125689257,0.0024563520194668966,0.7821160310378901
50,corr,415,0.014807262881157413,0.015124210909989515,0.0015624704234029959,0.20285057821562016
50,corr,416,0.013303467172847392,0.014953317731005491,0.001530466891291842,1.0780047366888723
50,corr,417,0.01774041752215296,0.01861336402287498,0.002062205527205669,0.4233072257860153
50,corr,418,0.02022962158385122,0.022203227619696838,0.0022940138612376547,0.8603287317456868
50,corr,419,0.01341767911971227,0.015362988746880699,0.001530793566921854,1.2707850811524453
50,corr,420,0.022152857990160774,0.025593633241606354,0.00241150602853997,1.4268159443618615
50,corr,421,0.024451421487044895,0.02681929224826106,0.0025795753007487416,0.9179304672861736
50,corr,422,0.020172868475392694,0.022796136943247627,0.00211900895812592,1.2379695035244151
50,corr,423,0.02358648414438111,0.02644106379577879,0.002418821651856911,1.1801530092994836
50,corr,424,0.02160694890974566,0.02402227688053228,0.002334519359229835,1.0346146675705632
50,corr,425,0.029761626868905433,0.03294328246339299,0.003085965883283605,1.031008026278674
50,corr,426,0.024327158330168422,0.0270934472024432,0.002440426576835029,1.133526777053198
50,corr,427,0.011747908779598549,0.013601882087239092,0.0013227967143392154,1.4015557247333124
50,corr,428,0.024512132296526407,0.026766744657855827,0.002509923141295945,0.8982794429973263
50,corr,429,0.013373514808807602,0.015700040417172482,0.0015060556344258075,1.5447806543029081
50,corr,430,0.0148813013409824,0.016536345615922453,0.0016784798912051855,0.9860375948571507
50,corr,431,0.021048182368753412,0.023662190556651735,0.0022305078622013685,1.1719340838002983
50,corr,432,0.023983002377302994,0.02672912080156295,0.0025345374702911063,1.0834791185567079
50,corr,433,0.034226474727576936,0.038636364361012594,0.0035884705223669226,1.2289050741670675
50,corr,434,0.028484574702921806,0.032179648382347284,0.0029738897891548924,1.2425052511698924
50,corr,435,0.030938076495905673,0.03501458792615974,0.003224936334035535,1.264059506301295
50,corr,436,0.022631803572849343,0.025475122809366247,0.0023527815943684693,1.208492638382826
50,corr,437,0.02393063122517563,0.027130427567015832,0.0025612901164161943,1.2492908637454234
50,corr,438,0.022281097981843617,0.0254534018443094,0.002357070744170025,1.3458670556716024
50,corr,439,0.022432196255998623,0.02528908896395618,0.002396327162866269,1.1921964380441281
50,corr,440,0.029730781035202207,0.033905472018495524,0.003164967425616532,1.3190312637988972
50,corr,441,0.018407931845804873,0.021036410978031227,0.0019672274429172595,1.3361338271737941
50,corr,442,0.015289519708931117,0.017602129328249224,0.0016529644148596345,1.3990680008162717
50,corr,443,0.03462348105994793,0.038880222038231965,0.0036906814409065343,1.153375344483391
50,corr,444,0.02242550731513149,0.025393017573324572,0.002386675739363285,1.2433654933722795
50,corr,445,0.009080432564874322,0.009429386725038286,0.0006997668529922496,0.4986720343666076
50,corr,446,0.010232005251300734,0.010939697390901894,0.0008102142217362527,0.8734629936322363
50,corr,447,0.009702197950286146,0.010839773820016725,0.0007734359767520904,1.4708080615898305
50,corr,448,0.012082230008321523,0.012730094629480883,0.0009178212102316311,0.7058723572054494
50,corr,449,0.017675677497288433,0.018929089093417138,0.0012972533660631212,0.9662041578913251
50,corr,450,0.009614886262351567,0.010050941092668589,0.0007163426015369575,0.6087238555705594
50,corr,451,0.01618697342266696,0.01713090286103196,0.0011953885027001928,0.7896423934418086
50,corr,452,0.019726120961865296,0.020856491882859957,0.0014818484030928736,0.7628114445684064
50,corr,453,0.023644243229997114,0.0252283920942651,0.00176562442390998,0.8972173486136342
50,corr,454,0.015276174236308865,0.016360717870814577,0.001138664992588675,0.9524694634196826
50,corr,455,0.013724756837946194,0.014664564778719847,0.0010312827316098123,0.9112999878380883
50,corr,456,0.018302215018964545,0.0195003707440078,0.0013655185555985399,0.8774364289162466
50,corr,457,0.020870246346659734,0.022453997267749323,0.0016081554728751982,0.9848245072088849
50,corr,458,0.013842585609825169,0.014892142996491622,0.0010490662500008225,1.0004681655382877
50,corr,459,0.022854387148116266,0.02465496621226747,0.0017412748929947792,1.0340579028589967
50,corr,460,0.025225740770554055,0.027421044671842157,0.001972501999628148,1.1129539547751823
50,corr,461,0.02081169600010191,0.022407626198305795,0.001614849739580346,0.9882840236383996
50,corr,462,0.024333412886861538,0.02625180001687169,0.0018785176342763978,1.0212239134763899
50,corr,463,0.022291190404968245,0.02398606201883353,0.0017228419690958085,0.983764990792973
50,corr,464,0.03070410792692522,0.03307001855902789,0.0023666487205831733,0.9996881292630886
50,corr,465,0.025097542490369915,0.02712387249567546,0.001958669398203784,1.0345441692017086
50,corr,466,0.012119937551576872,0.013291128843490407,0.0009502027768683924,1.232569847641848
50,corr,467,0.02528837414926222,0.02679706532774425,0.0020054456026266897,0.7522972333460352
50,corr,468,0.013797022718572341,0.015160226403906619,0.0011364202060462566,1.199559527436623
50,corr,469,0.015352557320850014,0.016288073705821728,0.00122720204791101,0.7623165122354424
50,corr,470,0.021714729035562885,0.023180716528441576,0.0016974596124659717,0.8636361549415534
50,corr,471,0.0247424879240648,0.026232308552470194,0.0019566549868803664,0.7614120212274723
50,corr,472,0.035310347066129656,0.03776176876354735,0.0027646936171723626,0.8866883773996369
50,corr,473,0.029386614508121498,0.031580968753202536,0.0022892236760911153,0.9585582518646372
50,corr,474,0.03191781295982266,0.034333159723922584,0.0024750657787500595,0.9758717464550387
50,corr,475,0.023348499816310427,0.024864783301513517,0.0018100788254802394,0.8376892010770848
50,corr,476,0.024688458300138022,0.02636387686002798,0.0019135654110051384,0.8755481000306709
50,corr,477,0.02298668820015626,0.02468015589200638,0.0018006308216426095,0.9404857850346405
50,corr,478,0.02314257140296849,0.02473986366239239,0.0018070390515567364,0.8839279140358679
50,corr,479,0.0306722852778714,0.03271744452285692,0.002397445105649036,0.8530577989738194
50,corr,480,0.018990867958753606,0.020253446462189025,0.0014855184556735903,0.8499244816604569
50,corr,481,0.01577370300896917,0.01683586349777884,0.0012386492714869372,0.8575151281803913
50,corr,482,0.03571992565974907,0.03812754061942984,0.002803699387987839,0.8587279256813168
50,corr,483,0.023135670639001325,0.02463960604830163,0.0018146679651927398,0.8287661644705182
50,corr,484,0.005205944947843574,0.004592619720082165,0.0004450782747728469,-1.3780165479306532
50,corr,485,0.004936384136027443,0.004328950466341271,0.0004230784783943961,-1.4357470320669894
50,corr,486,0.00614732134373264,0.00542805072481295,0.000526198842830336,-1.3669179032223884
50,corr,487,0.008993213129461919,0.007926120838484653,0.000769677649402575,-1.3864145487471853
50,corr,488,0.004891960796757466,0.00433172231463866,0.0004185868084714923,-1.3384045334934649
50,corr,489,0.008235774947427702,0.007275842270427343,0.0007045572678522891,-1.3624622451579183
50,corr,490,0.010036458860194495,0.008853196462376343,0.0008574034447944872,-1.3800532351508934
50,corr,491,0.012029961436262976,0.010605982278902179,0.0010290264149327437,-1.3838120544785693
50,corr,492,0.007772369162709384,0.006843470637093229,0.0006646201216135429,-1.3976382829954133
50,corr,493,0.0069830230503257875,0.006161088986149835,0.0005972097657000944,-1.376290394736629
50,corr,494,0.009311989338572009,0.008204446042853673,0.0007947117992546631,-1.3936414392702718
50,corr,495,0.010618578749735503,0.009362504253281051,0.0009078225398036884,-1.3836123706799248
50,corr,496,0.007042973185671544,0.0062156068817037155,0.0006013067696902236,-1.3759470966775655
50,corr,497,0.011628090329084998,0.010263549576676224,0.0009934463306872949,-1.3735424957126217
50,corr,498,0.012834612033001363,0.011313717775376915,0.0010961154044705687,-1.3875311408099864
50,corr,499,0.010588788901766216,0.009342000399419183,0.0009051162942110019,-1.377489843372966
50,corr,500,0.012380604267774847,0.010920447495969807,0.0010578896942772143,-1.380254273866113
50,corr,501,0.011341541293229033,0.010002690844636454,0.0009683644726595403,-1.3825893931398852
50,corr,502,0.015621952062612571,0.013776213675023291,0.0013346068015253388,-1.3829829021399878
50,corr,503,0.012769385992488726,0.011261342594575454,0.001090795599663672,-1.3825169430260367
50,corr,504,0.006166506575706677,0.005441195494701551,0.0005267226278028109,-1.3770266222104683
50,corr,505,0.012866479288093976,0.011346953473209938,0.0010990648273628335,-1.3825624995479886
50,corr,506,0.007019791228889744,0.006195795688629476,0.0005998396659861586,-1.3736929832834395
50,corr,507,0.007811232134658811,0.006891135700347639,0.0006672829828252655,-1.3788699217466913
50,corr,508,0.01104824334429558,0.009748035480148047,0.0009441742309556642,-1.377084675178544
50,corr,509,0.012588737675734792,0.011106763662582555,0.0010756982661723697,-1.377685601767778
50,corr,510,0.017965561823001647,0.015852121735230196,0.0015351371401127539,-1.376710935165194
50,corr,511,0.014951624200284072,0.013191578764758684,0.0012776252708362773,-1.3775912825936356
50,corr,512,0.01623947340168553,0.014328109975810965,0.0013877631851342174,-1.377297975871659
50,corr,513,0.011879490058216674,0.01048229099559715,0.0010152015529574948,-1.3762775072094706
50,corr,514,0.012561247927556668,0.011084960262826602,0.001073505889201797,-1.3752022039001168
50,corr,515,0.011695403820091509,0.010321418217553249,0.0009994719836688925,-1.3747114726463783
50,corr,516,0.011774715680494515,0.010389340103927528,0.0010063891729695212,-1.3765803664989775
50,corr,517,0.015605761007682488,0.013773785579636424,0.0013333675846215795,-1.3739462764620853
50,corr,518,0.009662369269451807,0.0085285218330376,0.0008254896111561573,-1.3735453736676015
50,corr,519,0.008025506972632658,0.00708478652035675,0.0006856215621443534,-1.372069526713405
50,corr,520,0.01817395143557801,0.016034802664298776,0.0015529652660276848,-1.377460795856008
50,corr,521,0.011771204638775047,0.010388082615259989,0.0010056706634164697,-1.3753230295256988
50,corr,522,0.005562412147374338,0.005537994938686097,0.0005549723687612332,-0.043997161052798106
50,corr,523,0.006926919375385068,0.006844084386835632,0.0006724610585948886,-0.12318183706060186
50,corr,524,0.010133724721735727,0.010034086840714463,0.000991589645398979,-0.10048297850183144
50,corr,525,0.005512355078237675,0.005342397649926777,0.0005343694614729475,-0.3180522851033138
50,corr,526,0.00928022887770629,0.009086885733068352,0.0009167940773784399,-0.21089048174351155
50,corr,527,0.011309273983182232,0.011243465917830849,0.001124402255259159,-0.058527155245001704
50,corr,528,0.013555590849816716,0.013428272400696328,0.0013267902846514881,-0.09595973877200276
50,corr,529,0.008758054367973934,0.008750457539164274,0.000854159386260094,-0.008893924169027248
50,corr,530,0.007868604057176482,0.0077293172245898635,0.0007773050277144957,-0.179191987212745
50,corr,531,0.010492927856861848,0.010471396713921919,0.0010168617107104015,-0.02117411120228615
50,corr,532,0.01196521781890991,0.011749008056166188,0.0011778411121453629,-0.18356445577783423
50,corr,533,0.007936157017378709,0.007724929820580769,0.0007826284336269519,-0.2698946111873865
50,corr,534,0.013102754792766166,0.01270242395333119,0.001287584277242319,-0.3109162223480897
50,corr,535,0.014462286546576554,0.014090621585461061,0.001418417016491781,-0.26202799091817514
50,corr,536,0.011931650047916676,0.011639202282743401,0.0011711574759434228,-0.24970831948768837
50,corr,537,0.013950701905124697,0.013610624090661732,0.0013710836740726759,-0.24803578431708392
50,corr,538,0.012779865853424765,0.012514687536493879,0.0012631715954849626,-0.20993055724078183
50,corr,539,0.01760311465320953,0.017240888982132534,0.0017395434988789764,-0.20823030370348766
50,corr,540,0.014388788595429546,0.014038049884178696,0.0014098242539577208,-0.2487818678578131
50,corr,541,0.00694853766205845,0.006646717553641156,0.0006951973721812169,-0.43415024350612536
50,corr,542,0.014498195179686554,0.014414724885634419,0.0014324470462356567,-0.05827112022848453
50,corr,543,0.007910035144678024,0.0075313452087690655,0.0007894705103917803,-0.4796758471966623
50,corr,544,0.008801845908765274,0.008712673303065082,0.0008738094003829912,-0.10205040785909054
50,corr,545,0.012449372109625417,0.012236963968006965,0.0012395920244215812,-0.1713532657791712
50,corr,546,0.014185230613751997,0.014040211098612634,0.0014147876244457141,-0.10250267434745122
50,corr,547,0.020243938997642354,0.019854493095860494,0.001999865354640245,-0.19473606104442812
50,corr,548,0.01684777638507788,0.016459416765948635,0.0016665683297865986,-0.23302952071516594
50,corr,549,0.018298949520000617,0.01785759909109059,0.0018049261608357927,-0.24452547615889894
50,corr,550,0.013386036820386894,0.013178109841134242,0.0013195077095410435,-0.1575792075705066
50,corr,551,0.014154254639236911,0.013884884838955147,0.0013945630817616074,-0.1931571284258419
50,corr,552,0.013178604923092148,0.012853792000294977,0.0013117109907112554,-0.24762537258382358
50,corr,553,0.013267975045752733,0.013020052166892832,0.0013090198135643479,-0.1893958183756045
50,corr,554,0.017584870262550262,0.017243361044643662,0.0017365527085636868,-0.19665928723180742
50,corr,555,0.010887742670704597,0.01067308646682691,0.0010737740087375424,-0.19990817633038235
50,corr,556,0.009043294898304723,0.008845757065797313,0.0008984303818972817,-0.2198699381584296
50,corr,557,0.020478756402536255,0.02013553195234025,0.002028434764551631,-0.16920655088056136
50,corr,558,0.013264018736727312,0.013041314047018786,0.0013137903676648918,-0.16951310893255883
50,corr,559,0.006568247505259523,0.007357823108846873,0.0013607910345949912,0.5802328083549944
50,corr,560,0.009609006329574512,0.011508903824143626,0.0014975454587049884,1.2686743387489967
50,corr,561,0.005226928527477852,0.005190374861707644,0.0009469153159078012,-0.038602887878272665
50,corr,562,0.008799704005627067,0.00962278689673789,0.0013906687064714864,0.5918612299828143
50,corr,563,0.010723686331660787,0.012497610322048538,0.001873894502908685,0.9466509387984445
50,corr,564,0.01285369021300005,0.015229457610431828,0.001944880063849026,1.2215495657506004
50,corr,565,0.008304567389334489,0.010325042829672922,0.0012647141669076105,1.5975747668572073
50,corr,566,0.007461172300067565,0.008569827427949546,0.0011270456952760907,0.9836825006553044
50,corr,567,0.00994961013457295,0.012098302308193074,0.0014761318057649104,1.4556235190032387
50,corr,568,0.01134566577578694,0.013335131123270075,0.0016774977729377936,1.1859719753898657
50,corr,569,0.00752522740714704,0.008518283234762895,0.0011233164577460107,0.8840392400272225
50,corr,570,0.012424301744500878,0.013959152228291593,0.0019091096209230393,0.8039614210569149
50,corr,571,0.013713437732140373,0.016180053798198955,0.0020538225353980344,1.200987925463846
50,corr,572,0.011313836124518454,0.012964820522296446,0.0016869362050229205,0.9786881050167278
50,corr,573,0.013228342646887058,0.015277603638060251,0.0019336061077430352,1.0598130523931544
50,corr,574,0.012118131807278654,0.01408603968054873,0.0017759831939298852,1.1080667204488015
50,corr,575,0.016691635579967095,0.019482650299495356,0.002422378776342883,1.1521793151366344
50,corr,576,0.013643745462301272,0.01585759712951216,0.0019811535812750934,1.1174558540716595
50,corr,577,0.00658874640957982,0.007428412487265465,0.0010005295371191096,0.8392216786556349
50,corr,578,0.01374748703704208,0.01615099268410828,0.002045185585581651,1.1752017342634664
50,corr,579,0.007500458109873467,0.008351168033893097,0.0011247987690832122,0.7563218838806316
50,corr,580,0.00834609142952706,0.00966212920770175,0.0012468756775830874,1.0554683212087872
50,corr,581,0.011804750837965254,0.013552985328182936,0.0017433531599630027,1.0027999663905063
50,corr,582,0.013450727594924276,0.015527891571945285,0.0019799160937641713,1.0491171739868796
50,corr,583,0.019195719570577318,0.021969579779194476,0.002798332682797999,0.9912546230363248
50,corr,584,0.015975408289533685,0.018300139083059212,0.0023311813188552754,0.9972329371046453
50,corr,585,0.0173514405206907,0.019850038864978038,0.002537809948895269,0.9845490381874331
50,corr,586,0.012692915592933503,0.01454464418687839,0.0018586741730950193,0.9962631539994087
50,corr,587,0.013421355538414614,0.015293798150136793,0.0019678438003732377,0.9515199384051901
50,corr,588,0.012496224399044485,0.014165730092858113,0.0018391944094945307,0.907737477449413
50,corr,589,0.012580966988556362,0.014414315997575769,0.0018382138163003329,0.997353513917811
50,corr,590,0.016674335873280953,0.018891526141220798,0.00245505680848041,0.9031115941110154
50,corr,591,0.010323981666206081,0.011673655347342412,0.0015267892488556485,0.883994750518404
50,corr,592,0.00857503833034208,0.009632235888787102,0.001260726410019535,0.838562236852515
50,corr,593,0.01941837826635579,0.022315587350162588,0.00287095643388473,1.0091442174503997
50,corr,594,0.012577215534919037,0.014335356637267377,0.0018558456698480798,0.9473530751575164
50,corr,595,0.011966177686769684,0.011388110548126027,0.0011889057532051773,-0.4862177990856238
50,corr,596,0.0065091387569743584,0.006932889849518436,0.0007417724781209203,0.571268286493368
50,corr,597,0.010958346587640872,0.011060951135215184,0.0011248410948758937,0.09121692658786801
50,corr,598,0.013354298217796932,0.01296244835559029,0.0015247015375091347,-0.25700102778593475
50,corr,599,0.016006810251134655,0.015351968831566934,0.0015619963414751374,-0.41923364490680776
50,corr,600,0.010341748728656506,0.009587530399940458,0.001033970679089167,-0.7294387974139125
50,corr,601,0.009291461617568312,0.009091651623267036,0.0009327511552109746,-0.2142157564587324
50,corr,602,0.012390334515437484,0.011677312828463127,0.001246123548855732,-0.5721918084519773
50,corr,603,0.01412885453409622,0.013609120650361675,0.001391377629896579,-0.37353905407633803
50,corr,604,0.009371229989735882,0.00924613475046822,0.0009828988752777568,-0.1272717289785392
50,corr,605,0.015472089122385171,0.015330830650223875,0.001534370978512872,-0.09206278933808128
50,corr,606,0.017077461182868202,0.016386289537602863,0.0016590329936399927,-0.41661115114346037
50,corr,607,0.014089216797401808,0.013793548247085457,0.0013436067311776584,-0.22005587159957127
50,corr,608,0.016473368128287303,0.016043737395483607,0.001593110323316955,-0.26968046500959114
50,corr,609,0.01509081308348069,0.014641029114009416,0.0014555203869333641,-0.3090193538401222
50,corr,610,0.020786236410101053,0.020110254435341996,0.001995497679069301,-0.3387535760373998
50,corr,611,0.0169906728037491,0.01647652616008805,0.0016218687436460014,-0.3170087873481285
50,corr,612,0.00820502220166495,0.008096417406157179,0.0008053382306899241,-0.1348561279833074
50,corr,613,0.01711986307319799,0.01652599874882302,0.001660473615368404,-0.3576475524082378
50,corr,614,0.009340384572198821,0.009285188269955969,0.0009076380587454524,-0.060813120065883575
50,corr,615,0.010393458970712185,0.010127690174403712,0.0010107110504261612,-0.2629523009532878
50,corr,616,0.014700557084698106,0.01438993573177006,0.0014224874989514698,-0.2183649087651084
50,corr,617,0.016750306004255405,0.016352789841423375,0.0016160475813973574,-0.2459804818916947
50,corr,618,0.02390459359985681,0.023440733461477747,0.0023005735671767793,-0.2016280396320045
50,corr,619,0.019894312445490732,0.019485674814928557,0.0019125684932457714,-0.21365908306305242
50,corr,620,0.021607897140514667,0.021179371539692435,0.002075438440567974,-0.20647473442043363
50,corr,621,0.01580659624302042,0.015496008922519029,0.0015139660882192492,-0.2051481356935201
50,corr,622,0.016713728731313174,0.01643738417748621,0.00159636305495031,-0.17310883822450182
50,corr,623,0.01556165501863441,0.015343911444631462,0.0014859232472249782,-0.1465375647158046
50,corr,624,0.0156671856894401,0.015353559747445823,0.001496603344194308,-0.20955849337829408
50,corr,625,0.020764692937546743,0.020497480058504394,0.0019825942107743683,-0.13477941052696796
50,corr,626,0.012856542582613203,0.012706916355325108,0.0012193255794297152,-0.12271228440731595
50,corr,627,0.010678568502543359,0.010596195209506797,0.001020476161695199,-0.08072044808937523
50,corr,628,0.02418187237622614,0.02365679603081551,0.002309093658857735,-0.22739499690557172
50,corr,629,0.015662513972171086,0.015406230696554911,0.0014900280452291264,-0.1719989609838288
50,corr,630,0.009522533288485461,0.009755482032153385,0.00037405880221983866,0.6227596898816397
50,corr,631,0.016031494190496688,0.016487865229438202,0.0006199894998505361,0.7360947871722558
50,corr,632,0.0195366474845966,0.020158823650783603,0.000771023924860121,0.8069479378345864
50,corr,633,0.023417135376870027,0.024172540062046277,0.0009150134848019333,0.8255667241229429
50,corr,634,0.015129443418957016,0.015655422378138165,0.000593342878686563,0.8864671306841467
50,corr,635,0.013592927706015985,0.01400759813448673,0.0005304554920700388,0.7817252053561443
50,corr,636,0.01812641845317918,0.018738673757317238,0.0007073655540380691,0.8655430005644679
50,corr,637,0.020669783308112998,0.021318265750936344,0.0008081211908612874,0.8024569212597931
50,corr,638,0.013709624708137826,0.014112244236642073,0.0005339931313932183,0.7539788526002011
50,corr,639,0.02263486602624086,0.02328739781688743,0.0008840146452623541,0.738145905323678
50,corr,640,0.024983442306009723,0.025758512188354964,0.0009745957695481638,0.7952731856250258
50,corr,641,0.020611795349760084,0.021229548424674293,0.0008019501243270512,0.7703135845668588
50,corr,642,0.02409968541644798,0.024829398643917464,0.000938908571820877,0.7771930615718111
50,corr,643,0.022077078904453113,0.022756304002588577,0.0008626330539074064,0.7873858937572898
50,corr,644,0.030409188611232357,0.031349982305230874,0.0011830141755441584,0.7952514124065964
50,corr,645,0.024856475396857595,0.025615187766701002,0.000968219984222438,0.7836156887969188
50,corr,646,0.012003523041262544,0.012340981099195516,0.00046668673771829917,0.7230933100495937
50,corr,647,0.02504547407814355,0.02585103961760116,0.0009723330879483708,0.828487222580649
50,corr,648,0.013664499457891903,0.014038293737321926,0.0005327083632299938,0.7016865234921028
50,corr,649,0.015205092828151629,0.015681102638182443,0.0005926206868950606,0.8032284740595038
50,corr,650,0.021506154565890435,0.022162777562568837,0.0008412305808002192,0.7805505549427251
50,corr,651,0.02450483120319635,0.02526917294859751,0.0009575638898400419,0.7982148799792775
50,corr,652,0.03497118386951751,0.036029742794018466,0.0013622394499480152,0.7770725804052673
50,corr,653,0.029104349989579174,0.029979024453855065,0.0011345763311817465,0.7709260630925129
50,corr,654,0.03161123575592126,0.03255743473243142,0.0012310582114990402,0.7686062021047633
50,corr,655,0.023124232639922516,0.02383087666960301,0.0009000612237172232,0.7851066250383245
50,corr,656,0.024451320544997334,0.02518771510865642,0.000953844973683452,0.7720275138792835
50,corr,657,0.022765896299275456,0.023438659788387745,0.000888282426720192,0.7573756598971968
50,corr,658,0.022920282211640074,0.023615828035390102,0.0008934310838018266,0.7785108850145055
50,corr,659,0.030377671625313414,0.03128515318971512,0.0011836802966473537,0.7666610375893312
50,corr,660,0.018808456738856293,0.01936856160956239,0.0007335136565437078,0.7635916055677708
50,corr,661,0.015622193324713917,0.01608135832312778,0.0006097896142130519,0.75298920760798
50,corr,662,0.03537682837591836,0.03645894952328916,0.0013804086195779045,0.7839136412388441
50,corr,663,0.02291344773094001,0.023607106057077797,0.0008932870040526167,0.7765234722892359
50,corr,664,0.008720514010329835,0.007612098481820099,0.0007129326488087368,-1.5547268460237087
50,corr,665,0.010627182100424125,0.009264725176946806,0.0008687884651659719,-1.5682263037608781
50,corr,666,0.012738017723690336,0.011101024745315123,0.0010404331473249106,-1.573376417873782
50,corr,667,0.008229833210538655,0.007164790471554003,0.0006725879081906909,-1.5834996823682008
50,corr,668,0.007394027973511085,0.0064478989360481085,0.0006043003576122679,-1.5656602309509693
50,corr,669,0.009860071943372167,0.008588243295665859,0.0008049524274685163,-1.5800047360637997
50,corr,670,0.011243564248411246,0.009800157321603591,0.0009173263894489792,-1.573493299015067
50,corr,671,0.007457506638061908,0.006505098358920853,0.0006091042116331365,-1.5636212341849485
50,corr,672,0.012312493393209827,0.010741600492658376,0.0010060350290636549,-1.561469387416385
50,corr,673,0.013590028232363717,0.011844293496029681,0.0011103268359180065,-1.5722710465614216
50,corr,674,0.011212021037451735,0.009777709682182271,0.0009163952319631317,-1.5651667591033132
50,corr,675,0.013109298598209139,0.011430440905763032,0.0010714660889379996,-1.5668789799125908
50,corr,676,0.012009078730014238,0.010469780425811146,0.0009815103208855348,-1.56829558635136
50,corr,677,0.01654142478398629,0.014419941532434047,0.0013519064697702764,-1.5692529764375927
50,corr,678,0.013520963134815557,0.011787836337679198,0.0011051534761864045,-1.5682227260569506
50,corr,679,0.006529453188256053,0.005695880030659266,0.0005338849115227943,-1.5613349236995573
50,corr,680,0.013623771121925395,0.011875138791200668,0.0011133253996921037,-1.5706390343814316
50,corr,681,0.007432960243801136,0.006485622211614975,0.0006079558890818706,-1.5582348147277967
50,corr,682,0.008270983569009037,0.007211552545451072,0.000676185292972253,-1.5667761996140286
50,corr,683,0.011698517928000817,0.010201692871376455,0.0009567185902838179,-1.5645405784163942
50,corr,684,0.013329682267228563,0.011622957012648278,0.001089823687360563,-1.566056302844538
50,corr,685,0.019022974107599365,0.01658999445184204,0.0015553874947390077,-1.564227347838859
50,corr,686,0.015831642941686694,0.013806492499570895,0.0012944301883219198,-1.564511134232101
50,corr,687,0.017195292030655694,0.014996089133852255,0.0014060610836308858,-1.56408773587874
50,corr,688,0.012578689941085464,0.01096970613070104,0.001028510850735117,-1.5643819501120677
50,corr,689,0.013300574534725183,0.011600511046547595,0.0010874994453758345,-1.5632775680083726
50,corr,690,0.01238376880386075,0.010801937730520161,0.0010126588659477042,-1.5620572006351034
50,corr,691,0.012467748780759676,0.0108729343605343,0.0010192917815598221,-1.5646299215567427
50,corr,692,0.01652428076022883,0.014413843785109933,0.00135121799545555,-1.5618774929114114
50,corr,693,0.010231074443523048,0.008924741942530581,0.000836332325883101,-1.56197776955839
50,corr,694,0.008497870138705276,0.007413799936406209,0.0006949568745178937,-1.5599100347789339
50,corr,695,0.019243629060858736,0.01678108399023785,0.0015732929912259442,-1.5652170856631216
50,corr,696,0.012464031087075608,0.010870877764763611,0.0010190400698990353,-1.5633863371730254
50,corr,697,0.01789120635685346,0.0169955139680789,0.0009224293863336213,-0.9710145860971194
50,corr,698,0.021444866712381383,0.020394268503825724,0.0010939805460037524,-0.9603445073986306
50,corr,699,0.013855191607788163,0.013215941752138026,0.0007078998824542341,-0.9030229718839724
50,corr,700,0.012448086334867103,0.011816971689286002,0.0006378915851976527,-0.9893760322697284
50,corr,701,0.016599751483062683,0.015810817838118458,0.0008553106133876852,-0.9223943121896307
50,corr,702,0.01892890573003707,0.017995515582765232,0.0009706263041110981,-0.9616369794620776
50,corr,703,0.01255495472914172,0.011909833543469708,0.000645470731712565,-0.9994584633766018
50,corr,704,0.02072848267618567,0.01965595142516581,0.0010610069344368603,-1.0108616788533202
50,corr,705,0.022879254086648242,0.02175983158757043,0.0011714068945025535,-0.955622255879912
50,corr,706,0.01887580170950731,0.01791872544060345,0.0009673699504329124,-0.9893591055578647
50,corr,707,0.022069930128026046,0.020961087708921255,0.0011288371613057875,-0.9822873104408902
50,corr,708,0.020217674232363966,0.019208266239612644,0.0010344816333532013,-0.9757621210532231
50,corr,709,0.027848026075967768,0.026464491689086864,0.001426543842272817,-0.9698505898540151
50,corr,710,0.022762980750912234,0.02162795536123653,0.001166042041267254,-0.9734000572073349
50,corr,711,0.010992546592745558,0.010428763171175788,0.0005621420193841803,-1.0029199065876417
50,corr,712,0.022936061337575128,0.021798928600750042,0.0011733265702531471,-0.9691528050709257
50,corr,713,0.012513630076859848,0.01186386143090027,0.0006410250445190149,-1.0136400309400133
50,corr,714,0.013924469573301027,0.013222976584749215,0.000714618074673361,-0.9816334254803883
50,corr,715,0.01969483503165522,0.01869556255209838,0.0010082260474185644,-0.9911194836865723
50,corr,716,0.02244095319536858,0.021306680151958673,0.0011482128258863194,-0.9878595830301291
50,corr,717,0.03202579499099367,0.03039630123668889,0.0016377201561047438,-0.994976918511201
50,corr,718,0.02665308528273313,0.025300348322295888,0.0013622434357895726,-0.9930214562958624
50,corr,719,0.028948832830721968,0.027477911974670324,0.001478811626882389,-0.9946641136116973
50,corr,720,0.021176633213601883,0.020099126821843095,0.00108165341079228,-0.9961660371130758
50,corr,721,0.02239194938195154,0.02124676787999741,0.0011429899324034978,-1.0019174005723948
50,corr,722,0.02084847714584609,0.019778161895924157,0.001064458526575428,-1.0055020681410172
50,corr,723,0.020989860165572694,0.019922977666784213,0.0010710206857450848,-0.9961362212591393
50,corr,724,0.027819163554940737,0.026387232764127598,0.0014204562844545758,-1.0080780425868359
50,corr,725,0.01722434624641421,0.016335868728800235,0.0008806363113313788,-1.008904023354137
50,corr,726,0.014306440485220565,0.013563572235699,0.0007314612918115204,-1.0155947523645372
50,corr,727,0.032397274774168525,0.030755163479812143,0.0016557655315908666,-0.9917535200643014
50,corr,728,0.020983601307462924,0.019909823421339724,0.0010719842623300982,-1.0016731810868227
50,corr,729,0.026133609028303233,0.025807499532683527,0.0024430067720549293,-0.13348693886157356
50,corr,730,0.01688451438502578,0.015848963453357404,0.0015839646171697346,-0.6537715050218236
50,corr,731,0.015169757209922806,0.015434167196892336,0.001435589101250211,0.18418221950784103
50,corr,732,0.020229149522990136,0.019457606962849892,0.002096947401246613,-0.36793605775784816
50,corr,733,0.02306755403598705,0.02294162848639664,0.002215904265610835,-0.05682806407509566
50,corr,734,0.015299991492602812,0.015766941374213445,0.0015028349949966866,0.3107126751541093
50,corr,735,0.025260593561844423,0.026200949868402365,0.002511689145137361,0.3743919936822099
50,corr,736,0.027881613310026365,0.02759554319425644,0.0026450686731615907,-0.10815224522242409
50,corr,737,0.023002839261632477,0.023436702728246585,0.00216140088014792,0.20073252981391201
50,corr,738,0.026895337377629933,0.027196701967751355,0.002493011931535543,0.12088373357114267
50,corr,739,0.024638101086687885,0.02476793163897616,0.0022425433531161844,0.057894333283619974
50,corr,740,0.03393676610072615,0.03397678190771855,0.00309188226479841,0.012942215636082732
50,corr,741,0.027739917773407008,0.027876778671527876,0.0025234257770574858,0.054236149668114686
50,corr,742,0.013395975770479306,0.013828662256447627,0.001279448319975613,0.33818207364293407
50,corr,743,0.02795084099540241,0.02785320801427538,0.002583513186990861,-0.03779078102587442
50,corr,744,0.015249631547705533,0.015916299478049723,0.0014457420704157512,0.46112508170456473
50,corr,745,0.01696893940334236,0.017148891562599383,0.0015650826078399576,0.11497933614212547
50,corr,746,0.024000947429393106,0.024431309433066303,0.0022088353501918327,0.19483661542985595
50,corr,747,0.02734748156264431,0.02771318276115131,0.002501809607713399,0.1461746718773077
50,corr,748,0.03902796955282545,0.03983693217218121,0.003579609145945715,0.22599188525149458
50,corr,749,0.0324805614098229,0.033110332042976004,0.002980045807723884,0.21132917873974252
50,corr,750,0.03527825512606255,0.036003378446180394,0.0032303116397927483,0.22447472596308568
50,corr,751,0.025806728498831342,0.02632301689490073,0.002363458495067969,0.2184461445575509
50,corr,752,0.02728776347169449,0.027970356155678486,0.002483720489933077,0.27482669114767794
50,corr,753,0.025406823827470344,0.026152912562370637,0.0023174055678053416,0.3219500053272344
50,corr,754,0.025579119072310582,0.026084427099406778,0.0023379048145039335,0.21613712584077752
50,corr,755,0.033901593028764075,0.0349373142644903,0.0031130265818699343,0.33270555470300195
50,corr,756,0.020990306753085212,0.021670918434516417,0.0019494002550718345,0.3491390132223636
50,corr,757,0.01743442508838634,0.01810593256444474,0.0016188365670631972,0.4148086902167095
50,corr,758,0.039480670310802435,0.04015288432827959,0.0036392897376848954,0.18471022257897485
50,corr,759,0.025571491766764775,0.026212228677802863,0.0023673927484981197,0.27065087170034346
50,corr,760,0.020238219450834406,0.02060584238041086,0.0007608560324332032,0.4831701582240215
50,corr,761,0.018182866763557588,0.018662630621700423,0.0006862750071320019,0.6990839723973151
50,corr,762,0.024247186387137038,0.024732485519457673,0.0009132655262052199,0.5313888659929374
50,corr,763,0.02764937208903767,0.028334864084949514,0.0010406031151238093,0.6587449008648064
50,corr,764,0.01833896897252828,0.018864877058393,0.0007039281934662664,0.7471047341846845
50,corr,765,0.030278006480087563,0.031178955895590225,0.0011366610219364587,0.7926280554318386
50,corr,766,0.03341962913141595,0.034275193588243706,0.0012507893107584324,0.6840196422121457
50,corr,767,0.02757180327211863,0.028330543017018744,0.0010370365309106044,0.7316422539463276
50,corr,768,0.03223745306737602,0.03310615573360513,0.001202947869587574,0.7221448977061191
50,corr,769,0.029531870758832596,0.03029883160752497,0.0011097776507567306,0.6910941558152679
50,corr,770,0.04067749324240249,0.0417208660314995,0.0015213277148813783,0.6858303959698552
50,corr,771,0.03324978916445489,0.03413074327909095,0.0012504290512275872,0.7045214710672303
50,corr,772,0.016056766053127256,0.016560147915807826,0.0005980103605165066,0.8417611063557409
50,corr,773,0.03350260724122503,0.03427555118987133,0.0012505142509800368,0.6181008717337984
50,corr,774,0.018278606228707417,0.018878950026615087,0.0006868091489899024,0.8741057086828303
50,corr,775,0.0203394134803972,0.020842782720807952,0.0007723694478626989,0.6517208077088982
50,corr,776,0.028768161762163468,0.02952547721837938,0.0010721563145201275,0.7063479885905137
50,corr,777,0.0327794048837608,0.033597637109617356,0.0012199182267544515,0.6707271093353815
50,corr,778,0.04677994252716313,0.04803623860837689,0.0017347952730218787,0.7241754117910361
50,corr,779,0.03893204830819869,0.03999629288393673,0.001444161873149248,0.7369288689343859
50,corr,780,0.042285436986980764,0.04345173034723625,0.0015737139970452803,0.7411088434399471
50,corr,781,0.030932618063960606,0.03174438221991742,0.0011497370714832554,0.706043299890792
50,corr,782,0.032707825221931774,0.033595286530750154,0.0012139392661675709,0.7310590682350294
50,corr,783,0.030453281891544816,0.031314990648122175,0.001135294803889914,0.7590176169439389
50,corr,784,0.03065979946711124,0.031478473035906285,0.001142397879513388,0.7166273532858484
50,corr,785,0.04063533388070004,0.041756493647173286,0.0015137765406379724,0.7406375620015463
50,corr,786,0.02515952930135879,0.025858218829139842,0.0009390679354614833,0.7440244751171267
50,corr,787,0.020897356766790845,0.021493582210660854,0.0007815590495486184,0.7628667906978405
50,corr,788,0.04732256146642162,0.04856307319500441,0.0017604061360821735,0.7046735995499158
50,corr,789,0.030650657179691267,0.031472002936587785,0.0011405986287788556,0.7201005999593963
50,corr,790,0.011747664668044827,0.012943470930550318,0.0006104660288965867,1.9588416159157982
50,corr,791,0.015665726341380016,0.0172199895277675,0.0008135107353205648,1.910562600965587
50,corr,792,0.017863825094677235,0.019656516770203258,0.000926481231425836,1.934946564181453
50,corr,793,0.011848519853796074,0.01305836164465209,0.0006126915685758931,1.9746343068962187
50,corr,794,0.01956214449406013,0.021563486992283384,0.0010168765061562412,1.9681273843057512
50,corr,795,0.021591897552324237,0.023743193130584594,0.0011133315888862125,1.9323044452664222
50,corr,796,0.017813709100224246,0.019621862285342767,0.0009228236585319163,1.959370209466715
50,corr,797,0.020828112162510768,0.02293251574354416,0.0010761315241140192,1.9555263774713332
50,corr,798,0.01908007792204296,0.021004676165255174,0.0009861632021392129,1.951602167914318
50,corr,799,0.026281089575278097,0.028925643472486627,0.0013583332846866178,1.9469109142964554
50,corr,800,0.0214821666168763,0.023644312246477464,0.00111025031824132,1.947439774686205
50,corr,801,0.01037402438780661,0.011424810217996855,0.000537338821891851,1.955536781226156
50,corr,802,0.02164550840596471,0.02383506272851744,0.001120631755562781,1.9538571093348478
50,corr,803,0.011809520432963719,0.013011162030285423,0.0006115183911693133,1.9650130146110376
50,corr,804,0.013140975634893045,0.014478550053899171,0.0006803701786750814,1.9659509792314107
50,corr,805,0.01858665753275543,0.020479845181006096,0.000963066786273357,1.9657906131063514
50,corr,806,0.02117825872014195,0.023337442262296493,0.001097292763401878,1.9677369742788977
50,corr,807,0.030223786223905553,0.03330390235580604,0.0015663651578728425,1.966410013922521
50,corr,808,0.025153385014154657,0.027709390605361615,0.0013025569054903223,1.9622985993420377
50,corr,809,0.027319956777134558,0.030096482164082002,0.0014149634897049335,1.9622593848880452
50,corr,810,0.01998507875823078,0.022024961559432156,0.0010352250523050638,1.9704727939681428
50,corr,811,0.021132012224737567,0.02329143381912968,0.0010952265857737098,1.9716665231118506
50,corr,812,0.019675387184837592,0.021685157454375856,0.0010197120696575056,1.970919369634698
50,corr,813,0.019808814947211918,0.021826948135212434,0.0010274916670978483,1.964135819904736
50,corr,814,0.02625385107376239,0.02894509493661907,0.0013598055277425766,1.979138787091442
50,corr,815,0.01625517677061733,0.0179230931166325,0.0008415330663387405,1.9819973958620267
50,corr,816,0.013501454030163266,0.014890320968890713,0.000699495094042282,1.9855277764728616
50,corr,817,0.030574363799148793,0.03368738425250404,0.0015831811349602289,1.9663071929122304
50,corr,818,0.01980290825888244,0.021829015562327064,0.0010246308194195384,1.9774022653275536
50,corr,819,0.014074746818101294,0.013810855226420095,0.0008548556483259951,-0.3086972545574917
50,corr,820,0.01604961110205872,0.01567433234499551,0.0009728068157559301,-0.38576904580134547
50,corr,821,0.010645208110837953,0.010353768260059945,0.0006440808201494386,-0.45248956599947915
50,corr,822,0.01757545261375708,0.017076178983571368,0.0010616564315647622,-0.4702779687867957
50,corr,823,0.01939906805141942,0.01893512025991098,0.0011732244992780233,-0.395446729755423
50,corr,824,0.01600458478677068,0.01558584530093535,0.000963631117642624,-0.4345433415015802
50,corr,825,0.018712851162988674,0.018235325971064087,0.0011274877570130295,-0.4235302680267316
50,corr,826,0.01714234374904459,0.016720818097876167,0.0010307142177384924,-0.40896462269949113
50,corr,827,0.023612035204445908,0.023039850721593442,0.0014250694175285236,-0.401513411076351
50,corr,828,0.019300481168124797,0.018817906945223825,0.0011661007192877064,-0.4138357990172102
50,corr,829,0.009320459425970283,0.00904485506552913,0.0005635557036384279,-0.489045463761251
50,corr,830,0.0194472342950553,0.01901849562493458,0.0011729625247951796,-0.3655177902598263
50,corr,831,0.010610169392408532,0.010280749172459929,0.0006475851047976212,-0.508690236245553
50,corr,832,0.011806404693500123,0.011526163036222342,0.0007157394655528146,-0.39154143478916803
50,corr,833,0.0166990341378096,0.01627853102599288,0.0010138226476000501,-0.414769893740434
50,corr,834,0.019027437543504656,0.018571255193620986,0.0011487708836372163,-0.39710472852455514
50,corr,835,0.02715431954548078,0.026457113259059094,0.0016421737472768465,-0.4245630449139953
50,corr,836,0.022598858040645643,0.022010618921843875,0.001367129477217481,-0.4302731589103112
50,corr,837,0.0245453971517395,0.0239009527338585,0.001482233188353539,-0.4347793740854267
50,corr,838,0.017955434528363762,0.01750357167788431,0.001086171291406586,-0.41601435616503135
50,corr,839,0.018985887748758028,0.018492202794110114,0.0011471406862725423,-0.43036129792594796
50,corr,840,0.01767719460560353,0.01719914518776621,0.001066268651046602,-0.44833862213625614
50,corr,841,0.017797071713948252,0.017342736618903926,0.0010753971059052282,-0.4224812327924993
50,corr,842,0.023587562990123778,0.022962376472505482,0.001423405436122926,-0.4392188632644114
50,corr,843,0.014604333852404453,0.014214474880313617,0.0008801856184019006,-0.4429281323622166
50,corr,844,0.012130273631094297,0.011797249151769575,0.0007312186487888507,-0.4554376175666809
50,corr,845,0.02746929317033077,0.026780630680042324,0.0016601198191996082,-0.41482697954926473
50,corr,846,0.017791764896954314,0.017333918475467232,0.0010744746374551828,-0.4261118927585481
50,corr,847,0.02140245082874603,0.02254315040228809,0.0015861045934492178,0.7191830716922901
50,corr,848,0.014195580298188841,0.01520366561373061,0.0010606079434131743,0.9504787530608332
50,corr,849,0.023437188475591238,0.02517029884741705,0.0017769736958573915,0.9753157156271721
50,corr,850,0.025869013115261404,0.027150862119950568,0.0019201874650779144,0.6675645102376246
50,corr,851,0.021342407411318404,0.022733264730520203,0.0015714204371070244,0.885095602907112
50,corr,852,0.024953930306145226,0.02647944110664412,0.0018176920014066318,0.8392570354704582
50,corr,853,0.022859629859275973,0.02419828436287236,0.0016981453926568915,0.7883038221491452
50,corr,854,0.03148708209913887,0.03326357232969445,0.002312322020951026,0.7682711207433532
50,corr,855,0.025737545697848294,0.027225444309258853,0.0018814796555972645,0.7908130215408757
50,corr,856,0.01242900362489553,0.013290415164483269,0.0009234323858120636,0.9328366135114655
50,corr,857,0.025933243684741692,0.027392754210458847,0.0018922024860949177,0.7713289335800723
50,corr,858,0.01414885552439094,0.015205160564456175,0.00102954054071134,1.0259965472903108
50,corr,859,0.01574405724288859,0.016736876675387372,0.0011470656222304755,0.8655297598129036
50,corr,860,0.022268468360344053,0.023734837627166768,0.0016376817661228086,0.8953932913928244
50,corr,861,0.02537343701553352,0.027010323717398105,0.001854711320293982,0.8825560527689714
50,corr,862,0.036210783249798595,0.038636490264527715,0.0026544078132823006,0.9138411221483027
50,corr,863,0.030135991764852706,0.03211527360501628,0.0022200267668418916,0.8915576468382899
50,corr,864,0.032731737378032914,0.03489620434105022,0.0024172358786252674,0.8954305958127207
50,corr,865,0.023943901329346245,0.02555268849622145,0.0017755708339770126,0.9060675789947297
50,corr,866,0.02531802960202335,0.027072377992298124,0.0018936507771331185,0.9264371295169636
50,corr,867,0.023572863288137496,0.02523976812799429,0.0017621094565828657,0.9459712242219653
50,corr,868,0.023732721611216187,0.025312369591650497,0.001775806822681179,0.8895381863942267
50,corr,869,0.031454447952406636,0.03372433904075612,0.002359377629486004,0.9620719718547068
50,corr,870,0.019475147103258064,0.020898994478560296,0.0014628940524433656,0.9733086090028761
50,corr,871,0.01617594241242571,0.017405362443419736,0.0012091135447437672,1.016794523838174
50,corr,872,0.036630806356610146,0.03902711350173983,0.002747299336722637,0.872241008869582
50,corr,873,0.023725644873403184,0.02537856010371504,0.0017755559658266422,0.9309282625413123
50,corr,874,0.016187399041591628,0.016084306045973086,0.0018174817758990038,-0.05672298725941687
50,corr,875,0.026725721266624966,0.026269077657312397,0.002739239099175934,-0.166704545598062
50,corr,876,0.02949876153793661,0.030643524288053555,0.0028515270311518922,0.4014560400833762
50,corr,877,0.024337016030215528,0.02453529136331662,0.0023215405435483135,0.08540679319691871
50,corr,878,0.028455281083026703,0.028927489621897746,0.0025994434506962823,0.1816575539446947
50,corr,879,0.0260671239006971,0.026750189711392088,0.002437229137255951,0.28026327120971606
50,corr,880,0.035905116373379065,0.03701118110668527,0.0032735034305723795,0.33788409169707406
50,corr,881,0.02934884758571128,0.03003622270556957,0.0026603461985199987,0.25837807133548646
50,corr,882,0.014172949406741917,0.013848220379048365,0.001512629265946499,-0.21467853029430753
50,corr,883,0.029572004465453897,0.0310138916497901,0.002737332635627737,0.5267489838718641
50,corr,884,0.016134118193418676,0.015501809602602503,0.0015992354166255074,-0.3953818082333285
50,corr,885,0.017953146808434062,0.018484887689424814,0.0017239902503038927,0.30843613001698844
50,corr,886,0.02539301499636035,0.025789836715344343,0.0023650976969160323,0.16778237935009108
50,corr,887,0.028933649868440832,0.029701153450441962,0.0026291737608557285,0.29191816586185915
50,corr,888,0.041291612301883676,0.041733192746190105,0.0037452374990504457,0.11790452392361916
50,corr,889,0.0343644510449516,0.0346682208146191,0.003111085879904211,0.0976410749795347
50,corr,890,0.0373244124673367,0.03757240847117978,0.0034027600618414325,0.07288083771292232
50,corr,891,0.02730353231703215,0.02770479785746093,0.0024852916679444985,0.16145611623952885
50,corr,892,0.028870468096825194,0.029049706231170105,0.0026245394839441286,0.06829317502800714
50,corr,893,0.026880432964522916,0.026788949756173974,0.0024197520881317166,-0.03780685170090132
50,corr,894,0.027062721424130624,0.02739376157834402,0.0025112416413035285,0.13182329759455616
50,corr,895,0.03586790324475452,0.03586234791234103,0.003232500179879969,-0.0017185868845632103
50,corr,896,0.022207755578287792,0.0221533348526231,0.002013166330378079,-0.02703240405102077
50,corr,897,0.018445630907892457,0.018244069594028176,0.0016923686607365912,-0.1191001219418428
50,corr,898,0.04177056994178482,0.04247539376393427,0.0037820314026306345,0.18636117660451068
50,corr,899,0.027054651730853883,0.02727402108997146,0.0024552593431024783,0.08934671595236869
50,corr,900,0.017726340095491587,0.01672749216114687,0.0016101293283247906,-0.6203526119134402
50,corr,901,0.019565611502140215,0.01818614697909957,0.0017426809648054752,-0.7915760548831307
50,corr,902,0.016141986169696768,0.015052401682498233,0.0014354412435976754,-0.7590589249530595
50,corr,903,0.01887350335500368,0.01757317046716749,0.0016816471711054034,-0.7732495318750099
50,corr,904,0.0172895129364427,0.015996544745426416,0.0015514106621736788,-0.8334145320393178
50,corr,905,0.023814747510576596,0.02201273834604638,0.0021284905920749045,-0.8466136384345366
50,corr,906,0.019466178237993886,0.018105591687955776,0.0017575629340875615,-0.774132478359563
50,corr,907,0.009400476747987496,0.009028473436478751,0.0009031746507922428,-0.4118841368969256
50,corr,908,0.019614191259064575,0.01771932454542817,0.0018000353687318727,-1.0526830453177938
50,corr,909,0.010701259037470868,0.010361907503625445,0.0009766240203005247,-0.34747408090679366
50,corr,910,0.011907764169793,0.010855029413623103,0.0010871513044413584,-0.968342448626186
50,corr,911,0.016842397456173323,0.015532079638820943,0.0014714418259879605,-0.8904992329361049
50,corr,912,0.01919079049935131,0.01750502636283764,0.0017398341715736919,-0.9689223053878094
50,corr,913,0.027387442810324868,0.025350110686834477,0.0024346553345798807,-0.8368051504267436
50,corr,914,0.022792872092787863,0.02121093756209705,0.002020464368217264,-0.7829559162612791
50,corr,915,0.024756122488138535,0.023078535743578606,0.002213571347086185,-0.757864320374496
50,corr,916,0.01810958420285425,0.0166689208339474,0.001617118302757919,-0.8908831014093801
50,corr,917,0.01914888399436605,0.017732055165168705,0.001700932764035476,-0.8329716842163164
50,corr,918,0.017828955555195376,0.016658563099027114,0.0016032477447088622,-0.730013474231206
50,corr,919,0.01794986182366435,0.016598311427729762,0.0016011710418176379,-0.8441011988327723
50,corr,920,0.023790065199201908,0.022063381513461097,0.0021221065601150285,-0.8136649300246338
50,corr,921,0.014729713904106476,0.013670932026620966,0.0013139527762308268,-0.8057990337542462
50,corr,922,0.012234413563144388,0.011402313282512606,0.0010937834730110937,-0.7607541173949908
50,corr,923,0.02770512052354805,0.02553432367408561,0.002481835639486884,-0.8746738965805352
50,corr,924,0.017944509446975884,0.016562111143697496,0.0016070567341076758,-0.860205040642806
50,corr,925,0.03230321795822339,0.029981703588557358,0.002597235325084868,-0.8938405955148386
50,corr,926,0.02665074370209712,0.024367439913696907,0.0021859282019826816,-1.0445465621099588
50,corr,927,0.031160533492411116,0.028578214922593492,0.0025411757592722246,-1.0161904623854834
50,corr,928,0.028545333465112416,0.026055146052220778,0.0023239313836190202,-1.0715408511819788
50,corr,929,0.03931862693737241,0.035940128719043826,0.0032250138630761124,-1.0475918435606584
50,corr,930,0.032139051640004045,0.029555875460753805,0.0026261972434095805,-0.9836184946628429
50,corr,931,0.015520376108267009,0.01465253231620048,0.0013609788754711746,-0.6376614712451572
50,corr,932,0.032383424113605425,0.028770739609635977,0.0027273703258796573,-1.324603582318529
50,corr,933,0.017667993820536406,0.01674516425284057,0.0015054276765157015,-0.6130015955543712
50,corr,934,0.019659958050882782,0.017515797243017585,0.0016455421858308935,-1.3030117527996
50,corr,935,0.027807136817895057,0.025050801132939397,0.0023251253769045626,-1.185456798301848
50,corr,936,0.03168438094681256,0.028199285576178602,0.002583900958868342,-1.3487728152553897
50,corr,937,0.04521721870658261,0.04086728588976499,0.0037274406187958724,-1.167002579432866
50,corr,938,0.03763149007771591,0.0342976221089792,0.003035855313876184,-1.0981643141879576
50,corr,939,0.04087285595174667,0.03731382186339192,0.0033449335188821057,-1.06400742145219
50,corr,940,0.029899287613556525,0.026826056981533553,0.002454903793936161,-1.2518741628955623
50,corr,941,0.03161519246454825,0.028507663475454824,0.0025768218494354104,-1.2059541445499202
50,corr,942,0.02943596407421024,0.026798300507438512,0.0023796979843175668,-1.1084026562001479
50,corr,943,0.029635582754282748,0.026765764654156782,0.0024084219582037017,-1.1915761232580657
50,corr,944,0.03927787594505295,0.03535891299084749,0.003202174302669465,-1.2238443581720249
50,corr,945,0.024319053797760275,0.021887750693600688,0.0019817450566888732,-1.2268495869099534
50,corr,946,0.020199262766618202,0.01821056598524751,0.001643514133210049,-1.210027185763499
50,corr,947,0.04574171099805001,0.041198522628884494,0.003723810908403004,-1.2200373437097827
50,corr,948,0.029626745872760134,0.026590998329611898,0.002410246213794379,-1.2595176068627236
50,corr,949,0.029416004359013842,0.02947941193360102,0.0015931164196192314,0.03980096734068741
50,corr,950,0.034393726467371884,0.03435158315397191,0.0018440108846313286,-0.022854156529775443
50,corr,951,0.031507175297820156,0.031335614804775105,0.0016885951644365375,-0.10159954064673514
50,corr,952,0.04339829740995837,0.043081607854585695,0.0023005689605409153,-0.13765705823406946
50,corr,953,0.03547377490492084,0.03533380369251693,0.001910068445716911,-0.07328073123126948
50,corr,954,0.017130758389244924,0.017414607785580814,0.0009670906979301004,0.2935085581356781
50,corr,955,0.035743503278321376,0.03516993945703977,0.0019459117853357169,-0.29475324914723755
50,corr,956,0.019501211262597226,0.019960163152914098,0.0011188111533914982,0.4102139033255359
50,corr,957,0.02169986016852843,0.02152738283846007,0.0011688100545391982,-0.14756660365687713
50,corr,958,0.030692383934581517,0.030642450713457708,0.001671504932517748,-0.02987321194954271
50,corr,959,0.03497192793050473,0.03473739853953494,0.0018794695040456192,-0.12478488768503897
50,corr,960,0.049908922521762544,0.049937526562985585,0.0026440673266820086,0.010818197000654697
50,corr,961,0.04153610452811383,0.041607651702899366,0.0022144277774434097,0.032309554420483604
50,corr,962,0.045113792030776076,0.04523615404393706,0.002405372915041734,0.05087028809371291
50,corr,963,0.03300161468674433,0.03295473692331052,0.001752223515899461,-0.026753301167600413
50,corr,964,0.034895560504566055,0.03497716611247114,0.0018643469304566696,0.04377168571575713
50,corr,965,0.03249021705351537,0.032710282454488475,0.001738945865861349,0.12655103605775717
50,corr,966,0.03271054801421166,0.03270730219997529,0.0017529273722417123,-0.0018516535754820457
50,corr,967,0.043353318126036586,0.04356645793530247,0.002306650827247505,0.09240228592388272
50,corr,968,0.026842380104601608,0.02699975465757454,0.001446899941605023,0.1087667145790054
50,corr,969,0.022295122726535825,0.02250625865623225,0.0012051030146353974,0.17520156130412148
50,corr,970,0.05048783572975907,0.05037897848758198,0.0027092544526982998,-0.0401797778974473
50,corr,971,0.03270079422466285,0.03274462147923522,0.0017552621411923606,0.02496906504381233
50,corr,972,0.02837545133204352,0.026624909247416197,0.0017991731495586227,-0.9729703253168103
50,corr,973,0.02599399399543387,0.02439820638648544,0.001650076259027089,-0.9670993084218621
50,corr,974,0.03580438651269888,0.033558706830068404,0.002280319548459027,-0.9848092054238792
50,corr,975,0.02926651098226763,0.02739622577882187,0.0018711791669837553,-0.999522245889774
50,corr,976,0.014133187964268861,0.013188535612851222,0.0009100083730260959,-1.0380699556382535
50,corr,977,0.02948904180746213,0.02787961184360548,0.0018534405095162376,-0.8683472469675995
50,corr,978,0.016088854798059632,0.015031152672688031,0.0010249811766838727,-1.0319234630177214
50,corr,979,0.01790278022674752,0.01696305616255118,0.0011431748467771899,-0.8220300392766561
50,corr,980,0.0253217762671432,0.023942152400188738,0.001606374611055324,-0.8588431723582243
50,corr,981,0.028852478079721095,0.0273644336694962,0.0018327883207886727,-0.8119019492576053
50,corr,982,0.04117577091841129,0.03891381408745291,0.0026177002127713107,-0.8641007934837921
50,corr,983,0.034268043437464334,0.032283010754499186,0.0021704207943938933,-0.9145842539347229
50,corr,984,0.037219700848281974,0.035052737564660104,0.0023629854370954204,-0.9170447052291187
50,corr,985,0.027226933734875457,0.025790956287522326,0.0017306190632992591,-0.8297478502378094
50,corr,986,0.028789473561146115,0.02725544898683784,0.001831513782886366,-0.837571952033436
50,corr,987,0.026805021364700136,0.025318438041615182,0.0017077878850993813,-0.8704730464805034
50,corr,988,0.02698679842390048,0.02550487128009151,0.0017193482466698004,-0.861912149955257
50,corr,989,0.03576727778349259,0.03392214416673811,0.002279942356787936,-0.8092895907043762
50,corr,990,0.022145452921971124,0.02101337048725197,0.00140795619726568,-0.8040608343623986
50,corr,991,0.018393882688719776,0.0174672686588364,0.0011689590991546836,-0.7926830207775826
50,corr,992,0.04165338486857648,0.039378956864372365,0.0026468709775628796,-0.8592893357795286
50,corr,993,0.026978751369711465,0.02558155947755313,0.001715786983616173,-0.8143154747646063
50,corr,994,0.030392649809337723,0.029348429757887,0.0012839686372359423,-0.8132753567086063
50,corr,995,0.041863138889305894,0.04041742789849409,0.0017790996909202183,-0.8126081962635981
50,corr,996,0.03421893609660157,0.0330138514364684,0.0014547000351595952,-0.8284076655026427
50,corr,997,0.016524780015069036,0.015893679771611213,0.0007106101855499973,-0.8881103258734803
50,corr,998,0.034479123178398526,0.03339846096853207,0.0014610451748161347,-0.739650100143173
50,corr,999,0.018811381190462863,0.0180849504729365,0.0008028812760871169,-0.9047797465979762
50,corr,1000,0.020932255741101292,0.020270564569282973,0.0008864946369384052,-0.7464130568274314
50,corr,1001,0.029606680634490807,0.028634649369353164,0.0012535375894906157,-0.7754304883131864
50,corr,1002,0.03373484130844201,0.03267266835950586,0.0014400669082111743,-0.7375858322135632
50,corr,1003,0.04814345907645497,0.04654565748464361,0.0020407321212825855,-0.7829550851618647
50,corr,1004,0.040066818666995824,0.03869877146739145,0.0016983201789295102,-0.8055296148378117
50,corr,1005,0.043517950111431614,0.04202396845094073,0.0018467788705661238,-0.8089661866409092
50,corr,1006,0.031834225341879845,0.030803850115179516,0.0013489878386046363,-0.7638135772714797
50,corr,1007,0.03366117528121312,0.03255327072128013,0.0014258060242076083,-0.7770373677223777
50,corr,1008,0.03134091773708395,0.03027575662288777,0.0013276044830056364,-0.8023181059050853
50,corr,1009,0.03155345477562515,0.03050866302638454,0.001336243704131519,-0.7818871258365737
50,corr,1010,0.041819750689253435,0.04045179632872437,0.0017698577810736822,-0.7729176746050153
50,corr,1011,0.02589286569985641,0.025046689490656308,0.0010955449688470314,-0.7723792571386926
50,corr,1012,0.02150646165766218,0.02079994732354347,0.0009098232602672428,-0.7765401973908487
50,corr,1013,0.04870189398007058,0.04710401595089487,0.0020602396458969316,-0.7755787208337471
50,corr,1014,0.03154404601373937,0.03052229685398203,0.0013340299285694163,-0.7659117219754151
50,corr,1015,0.03834970475658204,0.0382576239800255,0.0026435550604956962,-0.034832176538539546
50,corr,1016,0.03134705450202749,0.03114597910171344,0.002151969011379407,-0.09343786980703728
50,corr,1017,0.015137910141450269,0.014754460104403766,0.001085408449094727,-0.35327718092328814
50,corr,1018,0.031585404946669816,0.03204936512343359,0.002182258828582531,0.2126054758890073
50,corr,1019,0.017232604478735324,0.016732669785958845,0.0012124902240010426,-0.4123205968018173
50,corr,1020,0.01917548107615907,0.019395427656973874,0.001392619561013677,0.15793730532889197
50,corr,1021,0.027121890313991284,0.027236226635386065,0.001892173432374923,0.06042592049888102
50,corr,1022,0.03090358818075596,0.031266917484275944,0.0021535133270429393,0.16871467613292276
50,corr,1023,0.044102938540384495,0.044191554904540326,0.0030878769210300103,0.028698152945251066
50,corr,1024,0.0367041437212277,0.03660310392893434,0.0025181622818442385,-0.04012441653258387
50,corr,1025,0.03986563317189281,0.03971154085238529,0.0027575417979856156,-0.05588032051593329
50,corr,1026,0.02916248459638225,0.029347528887329152,0.00201207294665258,0.09196698919626793
50,corr,1027,0.030836104698394828,0.030924666969719117,0.0021314183327488774,0.041550863086586835
50,corr,1028,0.028710578659559827,0.02861773129380315,0.001996344460025898,-0.046508690066179255
50,corr,1029,0.028905278170732303,0.028978438166651386,0.001999630143523135,0.036586763885336784
50,corr,1030,0.03830995798397784,0.03843252905851309,0.0026511094541533356,0.04623387930785849
50,corr,1031,0.02371976352554359,0.023793653368391354,0.0016415061062346812,0.04501344379233189
50,corr,1032,0.01970149579827103,0.019729839662668825,0.0013640232951957236,0.020779604349593937
50,corr,1033,0.044614505858259455,0.04481292648958275,0.003082972329353106,0.0643601726276055
50,corr,1034,0.028896659054965596,0.029057427258657453,0.001994917722916006,0.08058888937878575
50,corr,1035,0.04317774542928588,0.04333451853927535,0.0013788174589687812,0.11370113496148983
50,corr,1036,0.02085110836734818,0.02087268752386355,0.0006699724176160349,0.03220902226416429
50,corr,1037,0.04350605170830352,0.043805403178495884,0.0013957219544022592,0.2144778687819449
50,corr,1038,0.023736361233502187,0.02375125066921527,0.0007525251333274684,0.01978596468565384
50,corr,1039,0.02641249883101247,0.026586556652749796,0.0008541712928259182,0.20377390717671792
50,corr,1040,0.037357962148015775,0.03756506312629632,0.0011932817030849423,0.17355581481316515
50,corr,1041,0.042566910496610294,0.04285126733330106,0.0013717989532653569,0.20728754458800028
50,corr,1042,0.06074782729130092,0.06106581647360941,0.001956932194830831,0.1624937149833039
50,corr,1043,0.05055665353478708,0.05078160054584907,0.0016234195222646652,0.13856369716940906
50,corr,1044,0.054911320627013,0.05514686966122229,0.0017685286051189364,0.13318927018059493
50,corr,1045,0.04016869705913269,0.04040643309297714,0.0012942109494338918,0.1836918733753874
50,corr,1046,0.04247395807513534,0.04270508114476794,0.001367077486624465,0.16906362067542946
50,corr,1047,0.03954623731584678,0.039725455084558534,0.0012736905479385154,0.14070746540580253
50,corr,1048,0.03981441836386415,0.040025541632498926,0.0012838961899704106,0.16443951643757146
50,corr,1049,0.05276851811170476,0.053063104007966926,0.0017031620030754883,0.17296410777731042
50,corr,1050,0.03267183878735847,0.032854770532175365,0.0010542064664428186,0.1735255385353068
50,corr,1051,0.027137036754087115,0.027284326837606666,0.0008760013652530436,0.1681391027022015
50,corr,1052,0.06145246521572598,0.06179453386245086,0.0019831353442283585,0.17248880552728105
50,corr,1053,0.03980254630786679,0.04003634122501503,0.0012852152193538013,0.18191110222441378
50,corr,1054,0.01704369915147163,0.016760675862973154,0.0006625084426366818,-0.4271995197103998
50,corr,1055,0.035561853284780426,0.035166645906228165,0.0013530008447195903,-0.2920969192995348
50,corr,1056,0.019402105283188656,0.01904962828740474,0.0007353252057096363,-0.47934844752635875
50,corr,1057,0.021589580562504377,0.02130863231926685,0.0008173435452144654,-0.3437333602038884
50,corr,1058,0.030536403942915322,0.03010530021387145,0.0011586297676861132,-0.3720806603345131
50,corr,1059,0.03479419911547434,0.03432911116643202,0.0013227569759074092,-0.3516049867915233
50,corr,1060,0.049655283269249416,0.04893391477629729,0.0018882215714989248,-0.38203593468084385
50,corr,1061,0.04132501629032981,0.040727722497978555,0.0015701097095233542,-0.3804153230366152
50,corr,1062,0.04488452183397451,0.04422793415485831,0.001707704653675232,-0.38448550087576766
50,corr,1063,0.032833899086848896,0.03236297403671946,0.001247984466813106,-0.37734848682212285
50,corr,1064,0.03471821979202021,0.034195135311725966,0.001320760359072026,-0.39604798607202607
50,corr,1065,0.032325100397994515,0.03181564646527339,0.0012315567537562924,-0.4136666306016915
50,corr,1066,0.0325443116274413,0.03207599567860335,0.0012362951840148033,-0.37880593153903447
50,corr,1067,0.04313299473198501,0.04245238907812288,0.0016436585505156416,-0.41407970873792993
50,corr,1068,0.026705965995031604,0.026278013551949145,0.0010186176185785327,-0.42013061160247783
50,corr,1069,0.02218181797104684,0.021808021586725658,0.0008492491623564728,-0.4401492528811944
50,corr,1070,0.05023125441586839,0.04952825524276863,0.0019047977728545284,-0.36906761605786925
50,corr,1071,0.032534607407063,0.032046083675482964,0.0012361735109018095,-0.3951902603249045
50,corr,1072,0.01717329261202597,0.015274461608875212,0.001948298104784944,-0.9746100961076257
50,corr,1073,0.009369535064701878,0.008182871585539148,0.0010558496905767798,-1.12389432866575
50,corr,1074,0.010425896012834451,0.00930815256753019,0.0011786480073637505,-0.9483267594065571
50,corr,1075,0.014746436189115683,0.013122899691316607,0.0016683832168623955,-0.9731196534404973
50,corr,1076,0.01680258218901275,0.015025105154688407,0.001907765695069858,-0.9317061518182169
50,corr,1077,0.023979197666866566,0.02132393250170674,0.0027207693065004475,-0.9759244044748233
50,corr,1078,0.019956400788996614,0.01765624386112595,0.002250582288087035,-1.0220274726438758
50,corr,1079,0.021675333426326302,0.01916784036518077,0.002453301193320673,-1.0220893659418588
50,corr,1080,0.01585592719526541,0.014152357462404707,0.0017867812012100465,-0.9534294023840238
50,corr,1081,0.016765890761721473,0.014952138394403323,0.0018890291125190654,-0.9601505637461922
50,corr,1082,0.015610221531549312,0.013871413411961292,0.0017633831582620188,-0.9860636988853744
50,corr,1083,0.01571608155400047,0.013976071730021212,0.0017751114022534042,-0.9802257040152038
50,corr,1084,0.020829497659571344,0.018631153141088753,0.0023521540367200705,-0.9346090792370229
50,corr,1085,0.01289666668513519,0.011544993978511775,0.001458667257310812,-0.926649103727294
50,corr,1086,0.010711895345637516,0.009602215649852341,0.0012087399134076866,-0.9180467058928826
50,corr,1087,0.024257341805130728,0.021581962202614557,0.002754191407032451,-0.9713847758311042
50,corr,1088,0.015711395256725873,0.014047115691543962,0.0017805325522396184,-0.9347088673489962
50,corr,1089,0.019549631119178963,0.020110971707024278,0.0012783359822267565,0.43911819400366503
50,corr,1090,0.021753739084204762,0.023375763827666717,0.0013063530784727768,1.2416434501445976
50,corr,1091,0.03076859052545694,0.03278612986775028,0.0017790716761921952,1.134040505108565
50,corr,1092,0.035058760266813475,0.037625640305949205,0.002044011020370879,1.25580538145532
50,corr,1093,0.05003284215106719,0.053160907018221834,0.002877933211020868,1.086913641767611
50,corr,1094,0.04163923515918763,0.04413926310986525,0.0023847179354198104,1.04835373338923
50,corr,1095,0.045225805757029995,0.047877760555244044,0.002622857013875021,1.0110939270364716
50,corr,1096,0.03308355490207662,0.03526239312232638,0.0019156466194255168,1.137390475965327
50,corr,1097,0.03498220322702151,0.03710625659200638,0.0020033613555227358,1.0602447527149397
50,corr,1098,0.032570887511819566,0.03433494673160201,0.0019021065162578114,0.9274239926652704
50,corr,1099,0.032791765535637916,0.03487126376285723,0.0019191226067935606,1.0835671571258827
50,corr,1100,0.04346096074462773,0.04597552310913494,0.002517310742490965,0.9989082086937621
50,corr,1101,0.026909027461910637,0.028436316109844414,0.0015709275980535994,0.9722209030041289
50,corr,1102,0.022350479628748435,0.023517873189632336,0.001298921181979519,0.8987408759512462
50,corr,1103,0.050613192751548054,0.0539654045379988,0.0029472467443916912,1.1374045260477974
50,corr,1104,0.032781987528255424,0.03483143737415992,0.0019028811580497384,1.0770246146138596
50,corr,1105,0.01186856974620587,0.010547514535029811,0.0010052943315592524,-1.3140979409752054
50,corr,1106,0.016786960679738446,0.01501392430587595,0.0014343760310832618,-1.2361029014989005
50,corr,1107,0.01912762398369999,0.017032154268352105,0.0016245634917771842,-1.2898663092912142
50,corr,1108,0.027297297001324116,0.024471426218016977,0.0023375881837878064,-1.2088830714091496
50,corr,1109,0.022717849320180544,0.020360417839373385,0.0019425484540684318,-1.2135766682523692
50,corr,1110,0.024674637673916536,0.022136336995176347,0.002123413608505021,-1.1953868377660384
50,corr,1111,0.018049976479346082,0.016162798816256506,0.0015537622022492015,-1.2145859001832637
50,corr,1112,0.01908585541403861,0.017160894257624737,0.00163858847204536,-1.1747679110735174
50,corr,1113,0.017770271521300993,0.016042169729670284,0.0015197456306886232,-1.137099365008653
50,corr,1114,0.01789077982660634,0.0160262037725275,0.0015354045299030316,-1.2143874905700578
50,corr,1115,0.023711760163992332,0.02140424184605851,0.0020353175714478713,-1.1337387100197418
50,corr,1116,0.014681231028745263,0.013270501895362004,0.0012593702866260908,-1.1201861345821211
50,corr,1117,0.01219414397259015,0.011073157863137683,0.0010494163561909876,-1.0681995785936218
50,corr,1118,0.027613929077878758,0.02468034089918452,0.002372943612130028,-1.236265439978558
50,corr,1119,0.01788544506727376,0.01607578639432647,0.0015417693426337607,-1.1737544799379016
50,corr,1120,0.018679593513433592,0.01956321646572905,0.0013485090115577772,0.6552592120053469
50,corr,1121,0.021284153082253246,0.022198316681670178,0.0015408010064518766,0.5933041292087731
50,corr,1122,0.03037490953413902,0.031846128854032665,0.0021974336677096176,0.6695170559697011
50,corr,1123,0.025279155583690687,0.026583453087600965,0.0018399762281524888,0.7088664972698676
50,corr,1124,0.027456560519399324,0.02888951834022943,0.00200765422867941,0.7137473178200985
50,corr,1125,0.02008500704765309,0.02100383426812815,0.001458997334651735,0.6297662090619157
50,corr,1126,0.021237675347671202,0.022245796778838863,0.0015416260480359879,0.653933833339152
50,corr,1127,0.01977376697152183,0.020780831527765223,0.0014364869274129065,0.7010607176614571
50,corr,1128,0.019907861892040326,0.020867386173799952,0.0014481063525322,0.6626062236946716
50,corr,1129,0.026385124133042608,0.027617851000505386,0.0019245037175660148,0.6405427312044116
50,corr,1130,0.01633645500967736,0.01709759464393679,0.0011899259157011502,0.6396529600844417
50,corr,1131,0.01356896325653509,0.014207577687052437,0.0009892719615539165,0.6455398063786542
50,corr,1132,0.03072724004805354,0.03217894506952464,0.002240098663150058,0.6480540546502964
50,corr,1133,0.019901925669413383,0.0208124773492142,0.0014515287039078807,0.6273053211757929
50,corr,1134,0.030104405883239566,0.030726623310740407,0.0015861436566982348,0.39228314842305545
50,corr,1135,0.042962414419244505,0.043699697423244886,0.002247026549978705,0.32811494995792057
50,corr,1136,0.03575495614676445,0.03627565152310211,0.0018835287865572265,0.2764467312917476
50,corr,1137,0.03883468789382641,0.03938695643856038,0.002037190630410835,0.2710932087011416
50,corr,1138,0.028408328111228974,0.02895316453934216,0.00148563519302119,0.3667363499953222
50,corr,1139,0.030038667557594937,0.030590094490990795,0.001569734931996303,0.35128665493516364
50,corr,1140,0.027968108688695398,0.02841878976395464,0.0014618806922063149,0.3082885475278147
50,corr,1141,0.02815777317281037,0.028643351994257202,0.0014737118192607501,0.32949374165324213
50,corr,1142,0.03731924324689572,0.038047430459681286,0.0019590865909567844,0.3716973084022442
50,corr,1143,0.023106358538394108,0.023564021293089675,0.0012171456818832872,0.376013127686923
50,corr,1144,0.01919200523088195,0.019577172987525437,0.0010095336659116572,0.3815303735271288
50,corr,1145,0.043460752349579024,0.044230205306633553,0.0022926775734688045,0.33561324364086353
50,corr,1146,0.028149376951702387,0.028703851710183317,0.0014832857022127328,0.3738152114955176
50,corr,1147,0.04895281070355156,0.05114791187355351,0.0020644295552694853,1.063296717681128
50,corr,1148,0.040740391889668076,0.04263632143727154,0.0017242262596474504,1.099582805328069
50,corr,1149,0.04424954116048071,0.04633602614979305,0.0018681680461705454,1.1168615123191463
50,corr,1150,0.03236939839699608,0.03376156507971713,0.0013686534335855015,1.0171798415570745
50,corr,1151,0.03422706164472864,0.035771907079798965,0.0014482059791472127,1.0667304632867332
50,corr,1152,0.03186779767574658,0.033404188152363984,0.0013538592611647973,1.1348228879385627
50,corr,1153,0.03208390772713857,0.03351128671650771,0.001370949453310657,1.0411609165620281
50,corr,1154,0.0425227928867692,0.044471525335267506,0.0018064510906616621,1.0787629172869142
50,corr,1155,0.02632815708494555,0.027542941718697835,0.0011221120911935503,1.082587598231977
50,corr,1156,0.02186801211684454,0.022911392841325134,0.0009364266255795698,1.1142151408123708
50,corr,1157,0.04952063359478874,0.051665910526538364,0.002115751656724522,1.0139549814040136
50,corr,1158,0.032074340792223946,0.0334878761365254,0.0013696970879518164,1.03200580386368
50,corr,1159,0.05814117729992536,0.05817582437819353,0.002729254781525894,0.012694702782128921
50,corr,1160,0.06314913280704856,0.0632652046595898,0.002961822335812862,0.03918933662487415
50,corr,1161,0.046194816593527914,0.046009014286172115,0.002139980636357713,-0.08682429373381542
50,corr,1162,0.04884591353296028,0.04887543603115668,0.0023135370679099503,0.012760762991826827
50,corr,1163,0.04547897525977448,0.045765749787462846,0.002149191552188659,0.133433675279585
50,corr,1164,0.04578738890607188,0.045692055888077274,0.0021376474741968974,-0.04459716540980402
50,corr,1165,0.0606848664395063,0.06089417802396066,0.002845994852124483,0.07354601653552163
50,corr,1166,0.037573277478568125,0.03774305319660428,0.001772599825577171,0.0957778036454873
50,corr,1167,0.031208142845695466,0.031481451927842394,0.0014938482437038684,0.1829563901814291
50,corr,1168,0.07067158179618359,0.07034539189557548,0.00335943550597364,-0.0970966402028216
50,corr,1169,0.045773735800804884,0.04573535737716056,0.002171596952772009,-0.017672903618388826
50,corr,1170,0.05255511136289465,0.051033368918148775,0.0017685999883303462,-0.8604220597007272
50,corr,1171,0.0384450842401809,0.03731738106841977,0.0012966969847489612,-0.8696736284764753
50,corr,1172,0.04065142799649841,0.039439742985649,0.0013774905742472575,-0.8796321611939488
50,corr,1173,0.03784933384201588,0.03671069731606859,0.0012819282705744787,-0.8882217141814235
50,corr,1174,0.038106007414660525,0.03699579732790757,0.001290589023264111,-0.8602351846640143
50,corr,1175,0.05050425511804747,0.048963241683822926,0.0017036819292635048,-0.9045194456518773
50,corr,1176,0.03126991130960838,0.03030858120925547,0.0010582174365346725,-0.9084428843858011
50,corr,1177,0.025972604052950345,0.02515627018368211,0.0008785064200309291,-0.9292292584947711
50,corr,1178,0.058815579666610746,0.05711711970103703,0.0019952582713165324,-0.8512481767350458
50,corr,1179,0.038094644780909896,0.036954488520580864,0.0012888378756713361,-0.8846390084052599
50,corr,1180,0.041756528560429926,0.04008468043151756,0.0020021749621189923,-0.8350160003714016
50,corr,1181,0.04415291441562099,0.042550331025199985,0.002126986598440457,-0.7534525095720149
50,corr,1182,0.04110946355829721,0.03982467844022018,0.001968261435254288,-0.6527512529914726
50,corr,1183,0.04138824555549315,0.039819195742007756,0.0019824645036301256,-0.7914642661254607
50,corr,1184,0.054854408904009874,0.05295760832336653,0.0026285774824283343,-0.7216072546170635
50,corr,1185,0.033963326404084095,0.032812509326078224,0.0016216907156365555,-0.7096402951003796
50,corr,1186,0.02820973875750457,0.027340530790595764,0.0013739768542171179,-0.6326219864919597
50,corr,1187,0.0638816244179341,0.06132872625376892,0.0030522398994069,-0.8364015438829854
50,corr,1188,0.04137590420808536,0.039810072285873035,0.00198256650736292,-0.7898004512822578
50,corr,1189,0.03229871405726868,0.03471442309692636,0.0022867652897388705,1.0563869630597413
50,corr,1190,0.030072370671128078,0.032295748404792116,0.002130314151046602,1.0436853797228518
50,corr,1191,0.03027630511420892,0.03264834832906976,0.002143787082527475,1.1064733219981222
50,corr,1192,0.04012706502890064,0.042978595291079974,0.002852827177551387,0.9995453929413389
50,corr,1193,0.02484483261134614,0.02658057410336633,0.0017748789436036617,0.9779492276222452
50,corr,1194,0.020635971550646625,0.022006669166787146,0.0014619378851721142,0.93758950366017
50,corr,1195,0.04673064842711056,0.05044610211188075,0.003353116365506269,1.10805987021247
50,corr,1196,0.03026727717899148,0.032503673995710164,0.0021677190274901714,1.031682053050957
50,corr,1197,0.031798208670425876,0.03236293277726485,0.001897437803904871,0.297624568076374
50,corr,1198,0.03201384680707593,0.032764206844995286,0.0019102862775858627,0.3927997843692969
50,corr,1199,0.04242993680394361,0.04350474521712386,0.0025356610909087504,0.4238769987968116
50,corr,1200,0.026270664870324676,0.02693867387154106,0.0015699314364287353,0.4255020223914782
50,corr,1201,0.021820259422195343,0.022346522155962275,0.0013003112861386453,0.404720576816419
50,corr,1202,0.04941249648190205,0.05066632964866482,0.0029495076243612113,0.4250991441442077
50,corr,1203,0.032004300763265596,0.03288439674650318,0.0019184957383154035,0.458742735603042
50,corr,1204,0.02980713925898356,0.028743212937782293,0.001544202812598946,-0.688980950248784
50,corr,1205,0.039505250421373365,0.03805566353073197,0.0020482430924542304,-0.7077220941116338
50,corr,1206,0.024459833613084535,0.023561126668554585,0.0012679360814283557,-0.7087951496084395
50,corr,1207,0.02031619365157856,0.01958428758974598,0.0010521562048395419,-0.6956249067068899
50,corr,1208,0.046006503768380336,0.04431616387697789,0.0023816003829695565,-0.7097495883397543
50,corr,1209,0.02979825122191192,0.028669762903583626,0.001540965646254546,-0.7323254227446185
50,corr,1210,0.03977315351859034,0.04248519503069852,0.002765736773987028,0.9805855487102453
50,corr,1211,0.02462570688593973,0.026302765593000505,0.001711499506658444,0.9798768276218145
50,corr,1212,0.020453967014482575,0.02188243747815648,0.0014215621997107257,1.0048596283473112
50,corr,1213,0.046318494825776726,0.049462964463009865,0.0032171701983446945,0.9774023266941356
50,corr,1214,0.030000326736149913,0.03196226735820438,0.002079942932631812,0.9432665633628541
50,corr,1215,0.0326379767236194,0.032144007851464346,0.0008656038841589633,-0.5706638812451762
50,corr,1216,0.027108911123502402,0.026689226968223356,0.0007154012120014208,-0.5866416609847916
50,corr,1217,0.061388774056265936,0.06050559930695349,0.0016304805503601757,-0.5416653078856728
50,corr,1218,0.03976129376714429,0.03917692382866808,0.0010553553063810683,-0.5537186717524336
50,corr,1219,0.01678459061618863,0.01639849846643768,0.000880184590143214,-0.4386490675644845
50,corr,1220,0.03800910469143927,0.03703834355217646,0.0019910134576757686,-0.48757135996259854
50,corr,1221,0.024618363873454837,0.024029310329117027,0.0012910917291263123,-0.45624453402425963
50,corr,1222,0.0315701383602758,0.028870039329081037,0.0035649370368428016,-0.7574044094719942
50,corr,1223,0.020447867951586693,0.018451541228593472,0.002308007958304719,-0.8649566028617878
50,corr,1224,0.04630468335277567,0.047921247563230615,0.0017094176306414663,0.9456812551116156
